node,feature_1,feature_2,feature_3,feature_4,feature_5,feature_6,feature_7,feature_8,feature_9,feature_10,feature_11,feature_12
0,0.053958648512355,0.0,0,0,0,1,0,0,0,0,0,0
1,0.1442259203227433,0.0,1,0,0,0,0,0,0,0,0,0
2,0.1033787191124558,0.0,1,0,0,0,0,0,0,0,0,0
7,0.1220373171961674,0.0068259385665529,1,0,0,0,0,0,0,0,0,0
8,0.2471003530005042,0.0232081911262798,0,0,0,0,1,0,0,0,0,0
9,0.0902672718103883,0.0088737201365187,0,0,1,0,0,0,0,0,0,0
10,0.1008572869389813,0.0088737201365187,1,0,0,0,0,0,0,0,0,0
11,0.0811901159858799,0.0006825938566552,0,0,1,0,0,0,0,0,0,0
12,0.1860816944024205,0.0,0,1,0,0,0,0,0,0,0,0
13,0.118507312153303,0.004778156996587,0,0,1,0,0,0,0,0,0,0
14,0.1770045385779122,0.0232081911262798,1,0,0,0,0,0,0,0,0,0
15,0.053958648512355,0.0040955631399317,0,0,0,0,0,0,1,0,0,0
16,0.1311144730206757,0.0184300341296928,0,0,1,0,0,0,0,0,0,0
17,0.427130610186586,0.5167235494880547,0,1,0,0,0,0,0,0,0,0
18,0.1406959152798789,0.0020477815699658,0,0,1,0,0,0,0,0,0,0
19,0.0635400907715582,0.0088737201365187,0,0,0,1,0,0,0,0,0,0
20,0.0811901159858799,0.004778156996587,1,0,0,0,0,0,0,0,0,0
21,0.0474029248613212,0.0088737201365187,0,0,0,0,0,0,1,0,0,0
22,0.2128088754412506,0.1610921501706484,0,0,0,1,0,0,0,0,0,0
23,0.3645990922844175,0.0109215017064846,1,0,0,0,0,0,0,0,0,0
24,0.2183560262228946,0.0088737201365187,1,0,0,0,0,0,0,0,0,0
25,0.0958144225920322,0.0040955631399317,0,0,1,0,0,0,0,0,0,0
26,0.3086232980332829,0.0122866894197952,1,0,0,0,0,0,0,0,0,0
27,0.1608673726676752,0.0020477815699658,1,0,0,0,0,0,0,0,0,0
28,0.0600100857286939,0.0013651877133105,1,0,0,0,0,0,0,0,0,0
29,0.0479072112960161,0.0020477815699658,0,0,0,0,0,1,0,0,0,0
30,0.0660615229450327,0.0116040955631399,0,0,0,0,1,0,0,0,0,0
33,0.2728189611699445,0.0559726962457337,1,0,0,0,0,0,0,0,0,0
34,0.0932929904185577,0.009556313993174,1,0,0,0,0,0,0,0,0,0
35,0.0504286434694906,0.0040955631399317,1,0,0,0,0,0,0,0,0,0
36,0.2153303076147251,0.0102389078498293,0,0,1,0,0,0,0,0,0,0
37,0.0620272314674735,0.009556313993174,1,0,0,0,0,0,0,0,0,0
39,0.1911245587493696,0.0116040955631399,0,1,0,0,0,0,0,0,0,0
40,0.2516389309127584,0.1856655290102389,0,0,0,0,0,1,0,0,0,0
42,0.0771558245083207,0.0013651877133105,0,1,0,0,0,0,0,0,0,0
43,0.0771558245083207,0.0129692832764505,0,1,0,0,0,0,0,0,0,0
44,0.1164901664145234,0.0034129692832764,1,0,0,0,0,0,0,0,0,0
45,0.0827029752899647,0.0395904436860068,0,0,0,0,0,0,0,1,0,0
46,0.1205244578920827,0.0122866894197952,0,0,0,0,0,1,0,0,0,0
48,0.1265758951084215,0.0136518771331058,1,0,0,0,0,0,0,0,0,0
49,0.0998487140695915,0.0088737201365187,1,0,0,0,0,0,0,0,0,0
50,0.1412002017145738,0.0081911262798634,0,0,0,1,0,0,0,0,0,0
51,0.2299546142208774,0.0184300341296928,0,0,1,0,0,0,0,0,0,0
52,0.0958144225920322,0.0027303754266211,1,0,0,0,0,0,0,0,0,0
53,0.0630358043368633,0.0075085324232081,0,1,0,0,0,0,0,0,0,0
54,0.0554715078164397,0.0,1,0,0,0,0,0,0,0,0,0
56,0.1704488149268784,0.0252559726962457,0,0,0,1,0,0,0,0,0,0
57,0.059001512859304,0.0109215017064846,0,0,0,0,0,0,0,1,0,0
58,0.1422087745839637,0.0156996587030716,0,0,1,0,0,0,0,0,0,0
59,0.1048915784165405,0.0054607508532423,0,0,0,1,0,0,0,0,0,0
60,0.0675743822491174,0.0013651877133105,0,0,1,0,0,0,0,0,0,0
61,0.0731215330307614,0.0027303754266211,1,0,0,0,0,0,0,0,0,0
62,0.0771558245083207,0.0020477815699658,0,0,0,0,0,0,1,0,0,0
63,0.1265758951084215,0.0252559726962457,0,0,0,0,1,0,0,0,0,0
64,0.0655572365103378,0.0020477815699658,1,0,0,0,0,0,0,0,0,0
66,0.2440746343923348,0.0061433447098976,1,0,0,0,0,0,0,0,0,0
67,0.259203227433182,0.0409556313993174,0,1,0,0,0,0,0,0,0,0
68,0.5794251134644478,1.0,0,0,1,0,0,0,0,0,0,0
69,0.0529500756429652,0.0040955631399317,0,0,0,1,0,0,0,0,0,0
70,0.0766515380736258,0.009556313993174,0,0,0,1,0,0,0,0,0,0
71,0.1255673222390317,0.014334470989761,0,0,0,0,0,0,1,0,0,0
72,0.1033787191124558,0.0102389078498293,0,0,0,0,0,1,0,0,0,0
73,0.0993444276348966,0.0580204778156996,0,0,0,0,0,0,0,0,1,0
74,0.0811901159858799,0.0156996587030716,0,0,0,0,1,0,0,0,0,0
75,0.0711043872919818,0.0211604095563139,0,0,0,0,1,0,0,0,0,0
76,0.3222390317700453,0.0,0,1,0,0,0,0,0,0,0,0
77,0.0458900655572365,0.0,1,0,0,0,0,0,0,0,0,0
78,0.1462430660615229,0.0020477815699658,1,0,0,0,0,0,0,0,0,0
80,0.080685829551185,0.0040955631399317,0,0,0,1,0,0,0,0,0,0
82,0.0559757942511346,0.0,0,1,0,0,0,0,0,0,0,0
84,0.0605143721633888,0.009556313993174,0,0,0,1,0,0,0,0,0,0
85,0.0902672718103883,0.0109215017064846,0,0,0,0,0,1,0,0,0,0
87,0.1306101865859808,0.0129692832764505,0,0,1,0,0,0,0,0,0,0
88,0.1951588502269289,0.0054607508532423,1,0,0,0,0,0,0,0,0,0
89,0.0529500756429652,0.014334470989761,0,0,0,0,0,0,0,0,1,0
90,0.0978315683308119,0.0020477815699658,0,0,0,0,1,0,0,0,0,0
91,0.0796772566817952,0.0279863481228668,0,0,0,0,0,0,1,0,0,0
92,0.118507312153303,0.0040955631399317,1,0,0,0,0,0,0,0,0,0
93,0.1820474029248613,0.0075085324232081,1,0,0,0,0,0,0,0,0,0
94,0.1502773575390822,0.0027303754266211,0,0,1,0,0,0,0,0,0,0
97,0.0514372163388804,0.0027303754266211,0,0,0,0,1,0,0,0,0,0
99,0.1169944528492183,0.0,1,0,0,0,0,0,0,0,0,0
100,0.4145234493192133,0.0,1,0,0,0,0,0,0,0,0,0
101,0.1442259203227433,0.0027303754266211,0,1,0,0,0,0,0,0,0,0
103,0.0640443772062531,0.0102389078498293,0,0,0,0,0,0,1,0,0,0
104,0.1280887544125063,0.0375426621160409,0,0,0,0,0,0,0,1,0,0
105,0.4901664145234493,0.0040955631399317,0,1,0,0,0,0,0,0,0,0
106,0.0554715078164397,0.0020477815699658,0,0,0,1,0,0,0,0,0,0
107,0.0963187090267271,0.0040955631399317,0,1,0,0,0,0,0,0,0,0
108,0.1427130610186586,0.0027303754266211,1,0,0,0,0,0,0,0,0,0
109,0.1089258698940998,0.0020477815699658,0,0,0,1,0,0,0,0,0,0
110,0.075642965204236,0.0006825938566552,0,1,0,0,0,0,0,0,0,0
111,0.1714573877962683,0.0034129692832764,0,0,1,0,0,0,0,0,0,0
112,0.1765002521432173,0.0320819112627986,0,0,0,0,1,0,0,0,0,0
114,0.0640443772062531,0.0109215017064846,0,0,1,0,0,0,0,0,0,0
115,0.0494200706001008,0.0006825938566552,0,0,0,1,0,0,0,0,0,0
116,0.0978315683308119,0.030716723549488,0,0,0,0,0,0,1,0,0,0
117,0.1790216843166918,0.0,0,1,0,0,0,0,0,0,0,0
119,0.2173474533535047,0.0491467576791808,0,0,1,0,0,0,0,0,0,0
120,0.1649016641452345,0.0313993174061433,0,0,0,0,0,1,0,0,0,0
121,0.0458900655572365,0.0034129692832764,0,0,0,0,0,1,0,0,0,0
123,0.0958144225920322,0.0150170648464163,1,0,0,0,0,0,0,0,0,0
124,0.697428139183056,0.004778156996587,1,0,0,0,0,0,0,0,0,0
125,0.0751386787695411,0.0273037542662116,0,0,0,0,0,0,0,0,1,0
127,0.0882501260716086,0.0,0,0,1,0,0,0,0,0,0,0
128,0.0443772062531517,0.0006825938566552,0,0,0,0,0,1,0,0,0,0
130,0.0892586989409984,0.0170648464163822,0,0,0,1,0,0,0,0,0,0
131,0.0468986384266263,0.0129692832764505,0,0,0,0,1,0,0,0,0,0
132,0.0912758446797781,0.0,1,0,0,0,0,0,0,0,0,0
133,0.0514372163388804,0.0,1,0,0,0,0,0,0,0,0,0
134,0.7105395864851235,0.004778156996587,1,0,0,0,0,0,0,0,0,0
136,0.0852244074634392,0.0054607508532423,0,0,0,0,1,0,0,0,0,0
138,0.059001512859304,0.0034129692832764,0,0,0,0,1,0,0,0,0,0
140,0.0998487140695915,0.0122866894197952,0,0,0,0,1,0,0,0,0,0
141,0.0751386787695411,0.0054607508532423,0,0,0,1,0,0,0,0,0,0
143,0.1174987392839132,0.0648464163822525,0,0,0,0,0,0,0,1,0,0
144,0.156833081190116,0.0081911262798634,0,0,0,1,0,0,0,0,0,0
145,0.2607160867372667,0.0286689419795221,0,0,0,0,1,0,0,0,0,0
146,0.091780131114473,0.0081911262798634,0,1,0,0,0,0,0,0,0,0
148,0.1785173978819969,0.004778156996587,1,0,0,0,0,0,0,0,0,0
149,0.0514372163388804,0.0,0,1,0,0,0,0,0,0,0,0
150,0.0665658093797276,0.0006825938566552,0,1,0,0,0,0,0,0,0,0
153,0.0519415027735753,0.0027303754266211,0,0,0,0,1,0,0,0,0,0
154,0.0776601109430156,0.0006825938566552,0,0,0,1,0,0,0,0,0,0
156,0.0852244074634392,0.0102389078498293,0,0,0,0,0,0,0,0,1,0
157,0.1255673222390317,0.0177474402730375,0,0,0,0,1,0,0,0,0,0
158,0.053958648512355,0.0068259385665529,0,0,0,0,1,0,0,0,0,0
159,0.2037317196167423,0.004778156996587,0,1,0,0,0,0,0,0,0,0
160,0.1255673222390317,0.0068259385665529,1,0,0,0,0,0,0,0,0,0
161,0.0615229450327786,0.0034129692832764,0,0,0,0,1,0,0,0,0,0
163,0.1215330307614725,0.0163822525597269,1,0,0,0,0,0,0,0,0,0
165,0.0751386787695411,0.0034129692832764,0,0,1,0,0,0,0,0,0,0
166,0.1321230458900655,0.0013651877133105,1,0,0,0,0,0,0,0,0,0
167,0.0816944024205748,0.0136518771331058,0,0,0,1,0,0,0,0,0,0
168,0.1331316187594553,0.0006825938566552,0,1,0,0,0,0,0,0,0,0
170,0.0479072112960161,0.0013651877133105,0,0,1,0,0,0,0,0,0,0
171,0.1326273323247604,0.0013651877133105,0,1,0,0,0,0,0,0,0,0
173,0.0549672213817448,0.0054607508532423,0,1,0,0,0,0,0,0,0,0
174,0.1139687342410489,0.0245733788395904,0,0,0,0,1,0,0,0,0,0
175,0.0857286938981341,0.0286689419795221,0,0,0,0,0,0,1,0,0,0
176,0.0625315179021684,0.0006825938566552,0,1,0,0,0,0,0,0,0,0
177,0.0564800806858295,0.0006825938566552,0,1,0,0,0,0,0,0,0,0
178,0.2652546646495209,0.0027303754266211,1,0,0,0,0,0,0,0,0,0
179,0.2057488653555219,0.0040955631399317,1,0,0,0,0,0,0,0,0,0
180,0.0544629349470499,0.0,0,1,0,0,0,0,0,0,0,0
181,0.0857286938981341,0.0034129692832764,0,0,0,0,0,1,0,0,0,0
182,0.0943015632879475,0.0013651877133105,0,0,1,0,0,0,0,0,0,0
183,0.0625315179021684,0.0020477815699658,1,0,0,0,0,0,0,0,0,0
184,1.0,0.0737201365187713,1,0,0,0,0,0,0,0,0,0
185,0.1200201714573878,0.0020477815699658,1,0,0,0,0,0,0,0,0,0
186,0.0519415027735753,0.0027303754266211,1,0,0,0,0,0,0,0,0,0
187,0.0529500756429652,0.0129692832764505,0,0,0,0,0,0,1,0,0,0
188,0.0847201210287443,0.0027303754266211,1,0,0,0,0,0,0,0,0,0
190,0.1084215834594049,0.0116040955631399,0,0,0,0,1,0,0,0,0,0
191,0.0474029248613212,0.0,0,0,1,0,0,0,0,0,0,0
193,0.1003530005042864,0.0020477815699658,1,0,0,0,0,0,0,0,0,0
194,0.0872415532022188,0.004778156996587,0,0,0,0,0,1,0,0,0,0
195,0.145738779626828,0.0150170648464163,0,1,0,0,0,0,0,0,0,0
196,0.1598587997982854,0.0784982935153583,0,0,0,0,0,1,0,0,0,0
197,0.1649016641452345,0.0006825938566552,0,1,0,0,0,0,0,0,0,0
198,0.0736258194654563,0.0088737201365187,0,0,0,1,0,0,0,0,0,0
199,0.1154815935451336,0.0075085324232081,1,0,0,0,0,0,0,0,0,0
200,0.0494200706001008,0.0040955631399317,0,0,0,0,0,0,1,0,0,0
202,0.0837115481593545,0.009556313993174,0,0,0,0,0,1,0,0,0,0
203,0.1018658598083711,0.0068259385665529,0,0,0,0,1,0,0,0,0,0
206,0.231971759959657,0.0177474402730375,1,0,0,0,0,0,0,0,0,0
207,0.0579929399899142,0.0122866894197952,0,0,0,0,1,0,0,0,0,0
208,0.0574886535552193,0.0020477815699658,0,1,0,0,0,0,0,0,0,0
209,0.1104387291981845,0.0006825938566552,0,0,1,0,0,0,0,0,0,0
210,0.2148260211800302,0.0061433447098976,0,0,1,0,0,0,0,0,0,0
211,0.1714573877962683,0.0109215017064846,1,0,0,0,0,0,0,0,0,0
212,0.0902672718103883,0.0,0,1,0,0,0,0,0,0,0,0
215,0.0786686838124054,0.0040955631399317,0,0,0,1,0,0,0,0,0,0
217,0.048411497730711,0.0020477815699658,0,0,1,0,0,0,0,0,0,0
218,0.2047402924861321,0.004778156996587,1,0,0,0,0,0,0,0,0,0
219,0.0852244074634392,0.025938566552901,0,0,0,0,1,0,0,0,0,0
220,0.1865859808371154,0.0150170648464163,0,0,0,0,1,0,0,0,0,0
221,0.3817448310640444,0.0088737201365187,0,1,0,0,0,0,0,0,0,0
222,0.0544629349470499,0.0,1,0,0,0,0,0,0,0,0,0
223,0.0600100857286939,0.0034129692832764,0,0,0,1,0,0,0,0,0,0
224,0.2178517397881997,0.0013651877133105,0,1,0,0,0,0,0,0,0,0
225,0.1250630358043368,0.0122866894197952,0,1,0,0,0,0,0,0,0,0
226,0.1326273323247604,0.004778156996587,0,0,0,0,1,0,0,0,0,0
227,0.0872415532022188,0.0136518771331058,0,0,0,0,0,1,0,0,0,0
228,0.0958144225920322,0.0,0,0,1,0,0,0,0,0,0,0
230,0.1200201714573878,0.0081911262798634,0,0,0,0,1,0,0,0,0,0
231,0.0620272314674735,0.0116040955631399,0,0,0,0,0,1,0,0,0,0
232,0.1573373676248109,0.0006825938566552,1,0,0,0,0,0,0,0,0,0
233,0.5385779122541604,0.9863481228668942,0,0,0,1,0,0,0,0,0,0
234,0.0912758446797781,0.0197952218430034,0,0,0,0,0,1,0,0,0,0
235,0.0711043872919818,0.0054607508532423,0,0,0,1,0,0,0,0,0,0
236,0.0438729198184568,0.0068259385665529,0,0,0,0,0,0,1,0,0,0
237,0.1422087745839637,0.0061433447098976,0,1,0,0,0,0,0,0,0,0
238,0.0509329299041855,0.0034129692832764,0,0,0,0,1,0,0,0,0,0
239,0.1149773071104387,0.0129692832764505,0,0,0,1,0,0,0,0,0,0
240,0.1275844679778114,0.004778156996587,0,0,1,0,0,0,0,0,0,0
241,0.0448814926878467,0.004778156996587,0,0,0,0,0,1,0,0,0,0
242,0.102370146243066,0.0075085324232081,0,0,0,0,0,1,0,0,0,0
243,0.1406959152798789,0.0061433447098976,1,0,0,0,0,0,0,0,0,0
244,0.0907715582450832,0.0163822525597269,0,0,0,0,1,0,0,0,0,0
245,0.4114977307110439,0.0006825938566552,0,1,0,0,0,0,0,0,0,0
246,0.0821986888552697,0.0054607508532423,0,0,0,1,0,0,0,0,0,0
247,0.0832072617246596,0.0040955631399317,0,0,0,1,0,0,0,0,0,0
248,0.1230458900655572,0.0013651877133105,0,0,1,0,0,0,0,0,0,0
249,0.0519415027735753,0.0122866894197952,0,0,0,0,0,0,1,0,0,0
250,0.2476046394351992,0.0006825938566552,1,0,0,0,0,0,0,0,0,0
252,0.0675743822491174,0.0027303754266211,0,0,0,0,0,1,0,0,0,0
254,0.0867372667675239,0.0040955631399317,1,0,0,0,0,0,0,0,0,0
255,0.1139687342410489,0.0013651877133105,0,0,1,0,0,0,0,0,0,0
256,0.0877458396369137,0.0088737201365187,0,0,0,0,1,0,0,0,0,0
257,0.1250630358043368,0.0061433447098976,1,0,0,0,0,0,0,0,0,0
259,0.1346444780635401,0.0034129692832764,1,0,0,0,0,0,0,0,0,0
260,0.0605143721633888,0.0,0,0,0,0,1,0,0,0,0,0
261,0.0554715078164397,0.004778156996587,0,1,0,0,0,0,0,0,0,0
262,0.1124558749369642,0.0,0,1,0,0,0,0,0,0,0,0
264,0.2314674735249622,0.0068259385665529,1,0,0,0,0,0,0,0,0,0
265,0.0453857791225416,0.0027303754266211,0,0,0,1,0,0,0,0,0,0
266,0.1477559253656076,0.0006825938566552,0,1,0,0,0,0,0,0,0,0
268,0.2360060514372163,0.0,0,1,0,0,0,0,0,0,0,0
269,0.059001512859304,0.0,0,1,0,0,0,0,0,0,0,0
270,0.2551689359556228,0.0006825938566552,0,1,0,0,0,0,0,0,0,0
271,0.1290973272818961,0.0102389078498293,0,0,0,1,0,0,0,0,0,0
273,0.1053958648512355,0.0013651877133105,1,0,0,0,0,0,0,0,0,0
274,0.0872415532022188,0.0006825938566552,1,0,0,0,0,0,0,0,0,0
275,0.0549672213817448,0.0034129692832764,0,0,0,0,1,0,0,0,0,0
276,0.1250630358043368,0.0,0,1,0,0,0,0,0,0,0,0
277,0.2672718103883005,0.0552901023890785,0,0,0,0,1,0,0,0,0,0
278,0.0897629853756934,0.0020477815699658,0,1,0,0,0,0,0,0,0,0
279,0.0564800806858295,0.0027303754266211,0,0,0,1,0,0,0,0,0,0
280,0.0791729702471003,0.0013651877133105,1,0,0,0,0,0,0,0,0,0
281,0.3872919818456883,0.0122866894197952,0,1,0,0,0,0,0,0,0,0
282,0.086232980332829,0.0027303754266211,0,0,1,0,0,0,0,0,0,0
283,0.1220373171961674,0.0054607508532423,1,0,0,0,0,0,0,0,0,0
284,0.0680786686838124,0.0177474402730375,0,0,0,1,0,0,0,0,0,0
285,0.4473020675743822,0.0136518771331058,0,1,0,0,0,0,0,0,0,0
286,0.0796772566817952,0.0,0,0,1,0,0,0,0,0,0,0
287,0.1598587997982854,0.0040955631399317,1,0,0,0,0,0,0,0,0,0
288,0.0615229450327786,0.0027303754266211,0,0,0,0,1,0,0,0,0,0
291,0.0877458396369137,0.0163822525597269,0,0,0,0,0,1,0,0,0,0
292,0.140191628845184,0.004778156996587,0,0,1,0,0,0,0,0,0,0
295,0.1008572869389813,0.0013651877133105,0,1,0,0,0,0,0,0,0,0
296,0.0579929399899142,0.0006825938566552,1,0,0,0,0,0,0,0,0,0
298,0.0433686333837619,0.0006825938566552,1,0,0,0,0,0,0,0,0,0
299,0.102370146243066,0.0191126279863481,1,0,0,0,0,0,0,0,0,0
300,0.1013615733736762,0.0006825938566552,0,1,0,0,0,0,0,0,0,0
301,0.0650529500756429,0.0034129692832764,1,0,0,0,0,0,0,0,0,0
302,0.0771558245083207,0.0013651877133105,0,0,1,0,0,0,0,0,0,0
303,0.1064044377206253,0.047098976109215,0,0,0,0,0,0,1,0,0,0
304,0.0932929904185577,0.0,0,1,0,0,0,0,0,0,0,0
305,0.0811901159858799,0.0,0,1,0,0,0,0,0,0,0,0
308,0.248613212304589,0.0054607508532423,1,0,0,0,0,0,0,0,0,0
309,0.0872415532022188,0.0075085324232081,1,0,0,0,0,0,0,0,0,0
313,0.3535047907211296,0.0184300341296928,0,0,0,0,1,0,0,0,0,0
314,0.0524457892082702,0.0027303754266211,0,0,0,1,0,0,0,0,0,0
316,0.0731215330307614,0.0013651877133105,0,0,1,0,0,0,0,0,0,0
317,0.0716086737266767,0.0109215017064846,0,0,0,0,1,0,0,0,0,0
318,0.124054462934947,0.0621160409556314,0,0,0,0,0,1,0,0,0,0
319,0.1326273323247604,0.0129692832764505,0,0,0,0,0,1,0,0,0,0
320,0.0453857791225416,0.0013651877133105,0,0,1,0,0,0,0,0,0,0
321,0.1321230458900655,0.0156996587030716,0,0,1,0,0,0,0,0,0,0
322,0.1336359051941502,0.0129692832764505,0,0,0,0,1,0,0,0,0,0
323,0.0882501260716086,0.0006825938566552,0,0,1,0,0,0,0,0,0,0
325,0.102370146243066,0.0034129692832764,0,1,0,0,0,0,0,0,0,0
327,0.1356530509329299,0.0068259385665529,1,0,0,0,0,0,0,0,0,0
329,0.0584972264246091,0.004778156996587,0,0,0,1,0,0,0,0,0,0
331,0.0766515380736258,0.0150170648464163,0,0,0,0,0,0,0,1,0,0
332,0.0534543620776601,0.0061433447098976,0,0,0,1,0,0,0,0,0,0
334,0.1180030257186081,0.0006825938566552,0,0,1,0,0,0,0,0,0,0
335,0.2501260716086737,0.0313993174061433,0,1,0,0,0,0,0,0,0,0
336,0.0479072112960161,0.0075085324232081,0,0,0,0,1,0,0,0,0,0
338,0.1129601613716591,0.0013651877133105,0,1,0,0,0,0,0,0,0,0
339,0.0827029752899647,0.0013651877133105,0,0,1,0,0,0,0,0,0,0
340,0.1603630862329803,0.0034129692832764,0,0,1,0,0,0,0,0,0,0
342,0.2012102874432677,0.0013651877133105,1,0,0,0,0,0,0,0,0,0
343,0.1548159354513363,0.0020477815699658,0,0,1,0,0,0,0,0,0,0
345,0.1003530005042864,0.0061433447098976,0,0,0,1,0,0,0,0,0,0
346,0.3847705496722138,0.0150170648464163,0,1,0,0,0,0,0,0,0,0
347,0.2980332829046899,0.0122866894197952,0,1,0,0,0,0,0,0,0,0
349,0.1144730206757438,0.0040955631399317,0,0,1,0,0,0,0,0,0,0
351,0.0736258194654563,0.0,0,0,1,0,0,0,0,0,0,0
352,0.1043872919818457,0.0040955631399317,1,0,0,0,0,0,0,0,0,0
354,0.0509329299041855,0.0013651877133105,0,0,1,0,0,0,0,0,0,0
355,0.0579929399899142,0.0013651877133105,0,0,0,0,0,0,0,1,0,0
356,0.0519415027735753,0.0245733788395904,0,0,0,0,0,0,0,0,1,0
357,0.048411497730711,0.0,0,0,1,0,0,0,0,0,0,0
358,0.0514372163388804,0.0027303754266211,0,0,1,0,0,0,0,0,0,0
359,0.1169944528492183,0.0006825938566552,0,0,1,0,0,0,0,0,0,0
360,0.0574886535552193,0.0020477815699658,0,1,0,0,0,0,0,0,0,0
361,0.1603630862329803,0.0204778156996587,0,0,0,0,1,0,0,0,0,0
363,0.0948058497226424,0.0109215017064846,0,0,0,0,1,0,0,0,0,0
364,0.1886031265758951,0.0382252559726962,0,0,0,0,0,0,1,0,0,0
365,0.1089258698940998,0.0204778156996587,0,0,0,0,0,0,1,0,0,0
366,0.4195663136661623,0.0068259385665529,1,0,0,0,0,0,0,0,0,0
367,0.0746343923348461,0.0232081911262798,0,0,0,0,0,0,1,0,0,0
368,0.0559757942511346,0.0006825938566552,0,0,1,0,0,0,0,0,0,0
369,0.0549672213817448,0.0075085324232081,0,1,0,0,0,0,0,0,0,0
370,0.1533030761472516,0.0,0,0,1,0,0,0,0,0,0,0
371,0.1084215834594049,0.009556313993174,1,0,0,0,0,0,0,0,0,0
372,0.0468986384266263,0.0,0,1,0,0,0,0,0,0,0,0
374,0.0685829551185073,0.0061433447098976,0,0,1,0,0,0,0,0,0,0
375,0.1190115985879979,0.0177474402730375,0,0,0,0,0,1,0,0,0,0
376,0.0978315683308119,0.0081911262798634,0,0,1,0,0,0,0,0,0,0
378,0.0821986888552697,0.0027303754266211,0,1,0,0,0,0,0,0,0,0
379,0.3424104891578416,0.0040955631399317,1,0,0,0,0,0,0,0,0,0
380,0.0489157841654059,0.0020477815699658,0,1,0,0,0,0,0,0,0,0
382,0.1865859808371154,0.0034129692832764,0,0,0,1,0,0,0,0,0,0
383,0.0907715582450832,0.0075085324232081,0,1,0,0,0,0,0,0,0,0
384,0.0741301059001512,0.0293515358361774,0,0,0,0,0,0,0,0,0,1
385,0.1250630358043368,0.0279863481228668,0,0,0,1,0,0,0,0,0,0
388,0.0973272818961169,0.0027303754266211,0,0,0,0,1,0,0,0,0,0
389,0.059001512859304,0.004778156996587,1,0,0,0,0,0,0,0,0,0
390,0.0983358547655068,0.0081911262798634,0,0,0,0,1,0,0,0,0,0
391,0.0882501260716086,0.0054607508532423,1,0,0,0,0,0,0,0,0,0
394,0.0731215330307614,0.0,0,0,1,0,0,0,0,0,0,0
395,0.1578416540595058,0.0593856655290102,1,0,0,0,0,0,0,0,0,0
396,0.1427130610186586,0.0197952218430034,0,0,0,0,0,1,0,0,0,0
397,0.0443772062531517,0.0013651877133105,0,1,0,0,0,0,0,0,0,0
399,0.1467473524962178,0.0061433447098976,0,0,0,1,0,0,0,0,0,0
402,0.1527987897125567,0.0238907849829351,0,1,0,0,0,0,0,0,0,0
404,0.1321230458900655,0.0156996587030716,0,0,0,0,0,0,1,0,0,0
406,0.091780131114473,0.0040955631399317,0,0,0,0,0,1,0,0,0,0
407,0.0544629349470499,0.0,0,0,0,1,0,0,0,0,0,0
408,0.0801815431164901,0.0054607508532423,0,1,0,0,0,0,0,0,0,0
409,0.0640443772062531,0.0013651877133105,1,0,0,0,0,0,0,0,0,0
410,0.3020675743822491,0.0040955631399317,1,0,0,0,0,0,0,0,0,0
411,0.118507312153303,0.0027303754266211,1,0,0,0,0,0,0,0,0,0
412,0.3600605143721634,0.0150170648464163,1,0,0,0,0,0,0,0,0,0
413,0.124054462934947,0.0040955631399317,0,0,1,0,0,0,0,0,0,0
414,0.1174987392839132,0.0,0,1,0,0,0,0,0,0,0,0
415,0.2773575390821987,0.0006825938566552,1,0,0,0,0,0,0,0,0,0
416,0.0726172465960665,0.0116040955631399,0,0,0,0,0,0,1,0,0,0
417,0.2632375189107413,0.0177474402730375,0,0,0,0,1,0,0,0,0,0
418,0.1119515885022692,0.0122866894197952,0,0,0,0,1,0,0,0,0,0
420,0.075642965204236,0.0040955631399317,0,1,0,0,0,0,0,0,0,0
422,0.1795259707513868,0.0006825938566552,0,1,0,0,0,0,0,0,0,0
423,0.0852244074634392,0.0757679180887372,0,0,0,0,0,0,0,0,1,0
424,0.1033787191124558,0.0054607508532423,0,0,1,0,0,0,0,0,0,0
425,0.0650529500756429,0.0027303754266211,0,0,0,0,0,1,0,0,0,0
429,0.1961674230963187,0.0054607508532423,0,1,0,0,0,0,0,0,0,0
430,0.145738779626828,0.0034129692832764,0,1,0,0,0,0,0,0,0,0
431,0.0605143721633888,0.0,0,0,0,1,0,0,0,0,0,0
435,0.1159858799798285,0.0054607508532423,1,0,0,0,0,0,0,0,0,0
436,0.0600100857286939,0.0,0,1,0,0,0,0,0,0,0,0
437,0.0973272818961169,0.0068259385665529,0,0,0,0,1,0,0,0,0,0
438,0.0574886535552193,0.0054607508532423,0,0,0,1,0,0,0,0,0,0
440,0.0953101361573373,0.0006825938566552,1,0,0,0,0,0,0,0,0,0
441,0.1018658598083711,0.0102389078498293,0,0,0,0,1,0,0,0,0,0
442,0.1356530509329299,0.0075085324232081,1,0,0,0,0,0,0,0,0,0
443,0.1119515885022692,0.0177474402730375,0,0,0,0,0,1,0,0,0,0
444,0.0574886535552193,0.0013651877133105,0,0,1,0,0,0,0,0,0,0
447,0.0811901159858799,0.0006825938566552,0,1,0,0,0,0,0,0,0,0
449,0.1527987897125567,0.0170648464163822,0,0,1,0,0,0,0,0,0,0
450,0.0695915279878971,0.0020477815699658,0,0,1,0,0,0,0,0,0,0
452,0.0559757942511346,0.0,0,1,0,0,0,0,0,0,0,0
455,0.0509329299041855,0.0020477815699658,0,0,0,0,0,1,0,0,0,0
456,0.0927887039838628,0.004778156996587,0,0,1,0,0,0,0,0,0,0
457,0.2133131618759455,0.0006825938566552,0,1,0,0,0,0,0,0,0,0
458,0.0524457892082702,0.0061433447098976,0,0,0,0,0,1,0,0,0,0
459,0.053958648512355,0.0020477815699658,0,0,0,0,1,0,0,0,0,0
460,0.0716086737266767,0.009556313993174,1,0,0,0,0,0,0,0,0,0
461,0.0736258194654563,0.0075085324232081,0,0,0,0,1,0,0,0,0,0
465,0.2844175491679274,0.0034129692832764,1,0,0,0,0,0,0,0,0,0
466,0.0685829551185073,0.0,0,1,0,0,0,0,0,0,0,0
467,0.1089258698940998,0.0081911262798634,0,0,0,1,0,0,0,0,0,0
468,0.1522945032778618,0.0034129692832764,0,1,0,0,0,0,0,0,0,0
469,0.0458900655572365,0.0013651877133105,0,0,1,0,0,0,0,0,0,0
471,0.0998487140695915,0.0088737201365187,0,1,0,0,0,0,0,0,0,0
472,0.0867372667675239,0.0020477815699658,0,0,0,0,1,0,0,0,0,0
473,0.102370146243066,0.0013651877133105,1,0,0,0,0,0,0,0,0,0
474,0.0852244074634392,0.0006825938566552,0,1,0,0,0,0,0,0,0,0
476,0.3020675743822491,0.0621160409556314,1,0,0,0,0,0,0,0,0,0
479,0.0690872415532022,0.0006825938566552,0,0,0,1,0,0,0,0,0,0
480,0.0791729702471003,0.0211604095563139,0,0,0,0,0,0,0,1,0,0
481,0.075642965204236,0.0027303754266211,0,0,1,0,0,0,0,0,0,0
482,0.1603630862329803,0.0102389078498293,0,0,1,0,0,0,0,0,0,0
483,0.1588502269288956,0.0006825938566552,0,1,0,0,0,0,0,0,0,0
484,0.0998487140695915,0.0013651877133105,0,1,0,0,0,0,0,0,0,0
485,0.0912758446797781,0.0,1,0,0,0,0,0,0,0,0,0
486,0.1033787191124558,0.0,0,1,0,0,0,0,0,0,0,0
487,0.1275844679778114,0.0006825938566552,0,1,0,0,0,0,0,0,0,0
489,0.1235501765002521,0.0013651877133105,0,0,0,1,0,0,0,0,0,0
491,0.0544629349470499,0.0,0,0,0,0,0,1,0,0,0,0
492,0.0953101361573373,0.0361774744027303,0,0,0,0,0,1,0,0,0,0
493,0.0912758446797781,0.0068259385665529,0,0,1,0,0,0,0,0,0,0
495,0.10791729702471,0.0081911262798634,1,0,0,0,0,0,0,0,0,0
498,0.2904689863842662,0.0006825938566552,0,1,0,0,0,0,0,0,0,0
499,0.1290973272818961,0.0225255972696245,0,0,0,0,0,0,1,0,0,0
502,0.0600100857286939,0.0,0,0,1,0,0,0,0,0,0,0
506,0.1255673222390317,0.0027303754266211,0,0,1,0,0,0,0,0,0,0
507,0.9657085224407465,0.0498293515358361,1,0,0,0,0,0,0,0,0,0
508,0.2259203227433182,0.0020477815699658,0,0,1,0,0,0,0,0,0,0
509,0.199697428139183,0.0498293515358361,0,0,0,0,0,0,1,0,0,0
510,0.1679273827534039,0.0013651877133105,0,1,0,0,0,0,0,0,0,0
511,0.0761472516389309,0.0027303754266211,0,1,0,0,0,0,0,0,0,0
517,0.0706001008572869,0.0061433447098976,0,1,0,0,0,0,0,0,0,0
518,0.0776601109430156,0.0034129692832764,0,0,0,0,1,0,0,0,0,0
520,0.0438729198184568,0.0,0,1,0,0,0,0,0,0,0,0
525,0.1159858799798285,0.0040955631399317,1,0,0,0,0,0,0,0,0,0
526,0.1220373171961674,0.004778156996587,0,0,0,0,1,0,0,0,0,0
527,0.0534543620776601,0.0129692832764505,0,0,0,0,1,0,0,0,0,0
528,0.075642965204236,0.004778156996587,1,0,0,0,0,0,0,0,0,0
530,0.0554715078164397,0.0,1,0,0,0,0,0,0,0,0,0
532,0.0832072617246596,0.0532423208191126,0,0,0,1,0,0,0,0,0,0
534,0.1003530005042864,0.0061433447098976,0,1,0,0,0,0,0,0,0,0
535,0.3373676248108926,0.0211604095563139,1,0,0,0,0,0,0,0,0,0
536,0.1164901664145234,0.0027303754266211,1,0,0,0,0,0,0,0,0,0
537,0.0988401412002017,0.0334470989761092,0,0,0,0,0,0,0,0,1,0
538,0.1628845184064548,0.0,0,1,0,0,0,0,0,0,0,0
539,0.0711043872919818,0.0102389078498293,0,0,0,0,0,0,0,1,0,0
541,0.0529500756429652,0.0006825938566552,0,1,0,0,0,0,0,0,0,0
542,0.0721129601613716,0.0,1,0,0,0,0,0,0,0,0,0
543,0.0675743822491174,0.0020477815699658,0,1,0,0,0,0,0,0,0,0
544,0.0690872415532022,0.0034129692832764,0,0,1,0,0,0,0,0,0,0
546,0.0741301059001512,0.0,1,0,0,0,0,0,0,0,0,0
547,0.2168431669188099,0.0006825938566552,1,0,0,0,0,0,0,0,0,0
550,0.0448814926878467,0.0027303754266211,0,0,0,0,1,0,0,0,0,0
551,0.0685829551185073,0.0034129692832764,0,0,0,0,0,1,0,0,0,0
552,0.0993444276348966,0.0211604095563139,0,1,0,0,0,0,0,0,0,0
557,0.151285930408472,0.0088737201365187,1,0,0,0,0,0,0,0,0,0
567,0.0443772062531517,0.0020477815699658,0,0,1,0,0,0,0,0,0,0
568,0.0610186585980837,0.0020477815699658,1,0,0,0,0,0,0,0,0,0
571,0.102370146243066,0.0013651877133105,1,0,0,0,0,0,0,0,0,0
572,0.0569843671205244,0.0,0,1,0,0,0,0,0,0,0,0
574,0.156833081190116,0.0266211604095563,0,0,0,0,0,1,0,0,0,0
575,0.0695915279878971,0.0,1,0,0,0,0,0,0,0,0,0
576,0.0660615229450327,0.0,0,1,0,0,0,0,0,0,0,0
578,0.1144730206757438,0.0027303754266211,0,0,1,0,0,0,0,0,0,0
579,0.2960161371659102,0.0348122866894198,0,0,0,0,1,0,0,0,0,0
580,0.053958648512355,0.0054607508532423,0,0,0,0,0,1,0,0,0,0
581,0.0670700958144226,0.0,0,1,0,0,0,0,0,0,0,0
582,0.0524457892082702,0.0006825938566552,0,1,0,0,0,0,0,0,0,0
584,0.0534543620776601,0.0006825938566552,0,1,0,0,0,0,0,0,0,0
587,0.1053958648512355,0.0150170648464163,0,0,0,0,1,0,0,0,0,0
589,0.1003530005042864,0.0034129692832764,1,0,0,0,0,0,0,0,0,0
591,0.1326273323247604,0.0027303754266211,1,0,0,0,0,0,0,0,0,0
593,0.0443772062531517,0.0,1,0,0,0,0,0,0,0,0,0
596,0.0816944024205748,0.0054607508532423,0,1,0,0,0,0,0,0,0,0
597,0.0595057992939989,0.0013651877133105,0,1,0,0,0,0,0,0,0,0
600,0.1880988401412002,0.0081911262798634,1,0,0,0,0,0,0,0,0,0
603,0.0494200706001008,0.0,1,0,0,0,0,0,0,0,0,0
604,0.053958648512355,0.0006825938566552,0,0,1,0,0,0,0,0,0,0
608,0.1966717095310136,0.0539249146757679,0,0,0,0,1,0,0,0,0,0
609,0.1391830559757942,0.0040955631399317,0,0,0,1,0,0,0,0,0,0
610,0.0438729198184568,0.0075085324232081,0,1,0,0,0,0,0,0,0,0
611,0.1144730206757438,0.0546075085324232,0,0,0,0,0,0,0,1,0,0
612,0.1089258698940998,0.0,1,0,0,0,0,0,0,0,0,0
615,0.7634896621280888,0.0006825938566552,1,0,0,0,0,0,0,0,0,0
617,0.0660615229450327,0.0,0,1,0,0,0,0,0,0,0,0
618,0.0448814926878467,0.0,0,1,0,0,0,0,0,0,0,0
620,0.0474029248613212,0.0034129692832764,1,0,0,0,0,0,0,0,0,0
621,0.0827029752899647,0.0013651877133105,1,0,0,0,0,0,0,0,0,0
622,0.1341401916288452,0.014334470989761,0,0,1,0,0,0,0,0,0,0
623,0.2889561270801815,0.0006825938566552,1,0,0,0,0,0,0,0,0,0
626,0.1230458900655572,0.0040955631399317,1,0,0,0,0,0,0,0,0,0
627,0.0595057992939989,0.0081911262798634,0,0,0,0,0,0,0,1,0,0
628,0.1280887544125063,0.0150170648464163,0,0,0,0,0,0,1,0,0,0
629,0.0463943519919314,0.0006825938566552,0,1,0,0,0,0,0,0,0,0
630,0.1053958648512355,0.009556313993174,0,1,0,0,0,0,0,0,0,0
638,0.0458900655572365,0.0,1,0,0,0,0,0,0,0,0,0
639,0.0821986888552697,0.0081911262798634,0,0,0,0,1,0,0,0,0,0
640,0.2506303580433686,0.0,0,1,0,0,0,0,0,0,0,0
642,0.0620272314674735,0.0,0,0,1,0,0,0,0,0,0,0
645,0.0554715078164397,0.0034129692832764,0,0,0,1,0,0,0,0,0,0
647,0.0872415532022188,0.0,0,1,0,0,0,0,0,0,0,0
648,0.075642965204236,0.0020477815699658,0,1,0,0,0,0,0,0,0,0
649,0.0504286434694906,0.004778156996587,0,0,0,0,1,0,0,0,0,0
650,0.1074130105900151,0.0006825938566552,0,1,0,0,0,0,0,0,0,0
651,0.0796772566817952,0.0006825938566552,0,1,0,0,0,0,0,0,0,0
657,0.0690872415532022,0.0,1,0,0,0,0,0,0,0,0,0
659,0.0670700958144226,0.0266211604095563,0,0,0,0,0,0,0,0,1,0
660,0.383761976802824,0.0764505119453924,0,0,0,0,1,0,0,0,0,0
661,0.1810388300554715,0.0150170648464163,0,0,0,0,1,0,0,0,0,0
662,0.080685829551185,0.0,1,0,0,0,0,0,0,0,0,0
664,0.0600100857286939,0.0006825938566552,0,0,1,0,0,0,0,0,0,0
665,0.0448814926878467,0.0006825938566552,0,1,0,0,0,0,0,0,0,0
668,0.2400403429147756,0.0027303754266211,1,0,0,0,0,0,0,0,0,0
669,0.0595057992939989,0.0075085324232081,0,0,0,0,0,1,0,0,0,0
671,0.1462430660615229,0.0136518771331058,1,0,0,0,0,0,0,0,0,0
673,0.0499243570347957,0.0,0,1,0,0,0,0,0,0,0,0
675,0.1381744831064044,0.0006825938566552,0,1,0,0,0,0,0,0,0,0
679,0.0595057992939989,0.0088737201365187,0,0,0,0,1,0,0,0,0,0
680,0.0529500756429652,0.0,0,1,0,0,0,0,0,0,0,0
682,0.0529500756429652,0.004778156996587,1,0,0,0,0,0,0,0,0,0
683,0.0781643973777105,0.0040955631399317,0,1,0,0,0,0,0,0,0,0
687,0.0690872415532022,0.0034129692832764,0,1,0,0,0,0,0,0,0,0
693,0.0514372163388804,0.0,1,0,0,0,0,0,0,0,0,0
696,0.0453857791225416,0.0020477815699658,0,1,0,0,0,0,0,0,0,0
697,0.0600100857286939,0.0034129692832764,0,1,0,0,0,0,0,0,0,0
703,0.0615229450327786,0.0034129692832764,0,0,1,0,0,0,0,0,0,0
707,0.0847201210287443,0.0,1,0,0,0,0,0,0,0,0,0
709,0.1008572869389813,0.0197952218430034,0,0,0,0,0,0,1,0,0,0
710,0.1089258698940998,0.0122866894197952,0,1,0,0,0,0,0,0,0,0
712,0.0852244074634392,0.0034129692832764,1,0,0,0,0,0,0,0,0,0
713,0.0932929904185577,0.0075085324232081,0,0,0,0,1,0,0,0,0,0
721,0.091780131114473,0.0013651877133105,1,0,0,0,0,0,0,0,0,0
724,0.0650529500756429,0.0013651877133105,0,1,0,0,0,0,0,0,0,0
726,0.0474029248613212,0.0,0,0,1,0,0,0,0,0,0,0
730,0.1250630358043368,0.0040955631399317,0,0,1,0,0,0,0,0,0,0
731,0.2566817952597075,0.0054607508532423,0,1,0,0,0,0,0,0,0,0
732,0.0741301059001512,0.0,0,0,0,0,1,0,0,0,0,0
737,0.1018658598083711,0.0102389078498293,0,0,1,0,0,0,0,0,0,0
742,0.0958144225920322,0.0054607508532423,1,0,0,0,0,0,0,0,0,0
744,0.0927887039838628,0.0156996587030716,0,0,1,0,0,0,0,0,0,0
745,0.3928391326273323,0.0027303754266211,0,1,0,0,0,0,0,0,0,0
746,0.0640443772062531,0.0020477815699658,0,0,0,0,0,1,0,0,0,0
747,0.0690872415532022,0.0020477815699658,0,0,0,0,0,1,0,0,0,0
748,0.0927887039838628,0.0013651877133105,0,0,1,0,0,0,0,0,0,0
749,0.1119515885022692,0.0136518771331058,0,0,1,0,0,0,0,0,0,0
751,0.0474029248613212,0.0027303754266211,1,0,0,0,0,0,0,0,0,0
753,0.0443772062531517,0.0006825938566552,1,0,0,0,0,0,0,0,0,0
754,0.0534543620776601,0.0020477815699658,0,1,0,0,0,0,0,0,0,0
756,0.0655572365103378,0.0075085324232081,1,0,0,0,0,0,0,0,0,0
758,0.1825516893595562,0.0218430034129692,1,0,0,0,0,0,0,0,0,0
761,0.2349974785678265,0.030716723549488,0,1,0,0,0,0,0,0,0,0
762,0.0902672718103883,0.0013651877133105,0,1,0,0,0,0,0,0,0,0
763,0.0605143721633888,0.0102389078498293,1,0,0,0,0,0,0,0,0,0
764,0.102370146243066,0.0013651877133105,0,0,1,0,0,0,0,0,0,0
766,0.0660615229450327,0.0013651877133105,1,0,0,0,0,0,0,0,0,0
767,0.0872415532022188,0.0013651877133105,0,0,0,0,1,0,0,0,0,0
768,0.1356530509329299,0.0068259385665529,0,1,0,0,0,0,0,0,0,0
769,0.0665658093797276,0.0006825938566552,0,0,1,0,0,0,0,0,0,0
772,0.0706001008572869,0.0197952218430034,0,1,0,0,0,0,0,0,0,0
773,0.0494200706001008,0.0020477815699658,0,1,0,0,0,0,0,0,0,0
774,0.0953101361573373,0.0013651877133105,1,0,0,0,0,0,0,0,0,0
775,0.1033787191124558,0.0013651877133105,1,0,0,0,0,0,0,0,0,0
777,0.0721129601613716,0.0013651877133105,0,0,0,0,1,0,0,0,0,0
780,0.0509329299041855,0.0006825938566552,0,0,1,0,0,0,0,0,0,0
784,0.1684316691880988,0.0,0,1,0,0,0,0,0,0,0,0
786,0.0549672213817448,0.0006825938566552,1,0,0,0,0,0,0,0,0,0
795,0.0670700958144226,0.0020477815699658,1,0,0,0,0,0,0,0,0,0
798,0.118507312153303,0.0,1,0,0,0,0,0,0,0,0,0
799,0.0620272314674735,0.0109215017064846,0,0,0,1,0,0,0,0,0,0
800,0.064548663640948,0.0013651877133105,0,0,1,0,0,0,0,0,0,0
808,0.0524457892082702,0.0,0,0,0,0,1,0,0,0,0,0
825,0.070095814422592,0.0,0,1,0,0,0,0,0,0,0,0
827,0.0559757942511346,0.0129692832764505,0,0,0,0,1,0,0,0,0,0
833,0.0438729198184568,0.0006825938566552,1,0,0,0,0,0,0,0,0,0
835,0.0796772566817952,0.0081911262798634,0,0,0,1,0,0,0,0,0,0
836,0.0453857791225416,0.0,1,0,0,0,0,0,0,0,0,0
837,0.0474029248613212,0.0020477815699658,1,0,0,0,0,0,0,0,0,0
841,0.0569843671205244,0.0013651877133105,0,1,0,0,0,0,0,0,0,0
849,0.2960161371659102,0.0,1,0,0,0,0,0,0,0,0,0
850,0.1290973272818961,0.0068259385665529,0,0,0,0,1,0,0,0,0,0
852,0.0650529500756429,0.0020477815699658,1,0,0,0,0,0,0,0,0,0
855,0.0640443772062531,0.0027303754266211,0,1,0,0,0,0,0,0,0,0
857,0.1290973272818961,0.009556313993174,1,0,0,0,0,0,0,0,0,0
858,0.1008572869389813,0.0027303754266211,0,0,0,0,1,0,0,0,0,0
859,0.0776601109430156,0.0293515358361774,0,0,0,0,0,1,0,0,0,0
860,0.0514372163388804,0.0013651877133105,0,1,0,0,0,0,0,0,0,0
861,0.0549672213817448,0.0068259385665529,1,0,0,0,0,0,0,0,0,0
865,0.1210287443267776,0.0020477815699658,0,1,0,0,0,0,0,0,0,0
869,0.2082702975289964,0.0191126279863481,0,0,0,1,0,0,0,0,0,0
870,0.102370146243066,0.0197952218430034,0,0,0,0,1,0,0,0,0,0
873,0.2349974785678265,0.0020477815699658,1,0,0,0,0,0,0,0,0,0
880,0.0842158345940494,0.0006825938566552,0,1,0,0,0,0,0,0,0,0
881,0.0615229450327786,0.0,0,0,1,0,0,0,0,0,0,0
885,0.0665658093797276,0.0006825938566552,0,0,1,0,0,0,0,0,0,0
888,0.0494200706001008,0.0,1,0,0,0,0,0,0,0,0,0
889,0.0937972768532526,0.0,0,1,0,0,0,0,0,0,0,0
900,0.0907715582450832,0.0,0,0,1,0,0,0,0,0,0,0
902,0.129601613716591,0.0013651877133105,0,1,0,0,0,0,0,0,0,0
906,0.0499243570347957,0.0061433447098976,0,0,0,0,1,0,0,0,0,0
907,0.096822995461422,0.0,0,1,0,0,0,0,0,0,0,0
912,0.0897629853756934,0.0197952218430034,0,0,0,0,0,0,1,0,0,0
913,0.1391830559757942,0.0075085324232081,0,0,0,1,0,0,0,0,0,0
915,0.0479072112960161,0.0027303754266211,0,1,0,0,0,0,0,0,0,0
920,0.0564800806858295,0.0006825938566552,0,0,1,0,0,0,0,0,0,0
924,0.0786686838124054,0.009556313993174,0,0,0,0,0,0,1,0,0,0
935,0.2198688855269793,0.0075085324232081,0,1,0,0,0,0,0,0,0,0
937,0.059001512859304,0.0061433447098976,0,1,0,0,0,0,0,0,0,0
939,0.6081694402420574,0.0409556313993174,1,0,0,0,0,0,0,0,0,0
940,0.0529500756429652,0.0068259385665529,0,0,0,0,0,1,0,0,0,0
945,0.0746343923348461,0.0,0,0,0,1,0,0,0,0,0,0
946,0.0726172465960665,0.0006825938566552,0,1,0,0,0,0,0,0,0,0
947,0.0458900655572365,0.0,1,0,0,0,0,0,0,0,0,0
954,0.070095814422592,0.0163822525597269,0,0,0,0,0,0,0,0,0,1
957,0.0564800806858295,0.0006825938566552,1,0,0,0,0,0,0,0,0,0
960,0.0685829551185073,0.0,0,1,0,0,0,0,0,0,0,0
963,0.1099344427634896,0.0020477815699658,1,0,0,0,0,0,0,0,0,0
966,0.1190115985879979,0.0,0,1,0,0,0,0,0,0,0,0
967,0.0711043872919818,0.0061433447098976,0,1,0,0,0,0,0,0,0,0
969,0.1124558749369642,0.0040955631399317,0,1,0,0,0,0,0,0,0,0
972,0.0716086737266767,0.0,1,0,0,0,0,0,0,0,0,0
973,0.0474029248613212,0.0,0,1,0,0,0,0,0,0,0,0
974,0.064548663640948,0.0020477815699658,0,0,1,0,0,0,0,0,0,0
979,0.0615229450327786,0.0,0,0,0,1,0,0,0,0,0,0
982,0.0584972264246091,0.0,0,0,0,1,0,0,0,0,0,0
983,0.0605143721633888,0.0197952218430034,0,0,0,0,0,1,0,0,0,0
989,0.0453857791225416,0.0,0,0,1,0,0,0,0,0,0,0
990,0.0922844175491679,0.0006825938566552,0,1,0,0,0,0,0,0,0,0
991,0.0463943519919314,0.0006825938566552,0,1,0,0,0,0,0,0,0,0
993,0.0655572365103378,0.0013651877133105,0,0,0,1,0,0,0,0,0,0
994,0.1200201714573878,0.0,0,1,0,0,0,0,0,0,0,0
1004,0.0085728693898134,0.0006825938566552,0,0,0,1,0,0,0,0,0,0
1007,0.0115985879979828,0.0006825938566552,0,1,0,0,0,0,0,0,0,0
1012,0.0146243066061522,0.0,0,1,0,0,0,0,0,0,0,0
1013,0.0181543116490166,0.0075085324232081,0,0,0,0,0,0,0,0,1,0
1015,0.0035300050428643,0.0,1,0,0,0,0,0,0,0,0,0
1018,0.0726172465960665,0.0,1,0,0,0,0,0,0,0,0,0
1022,0.0085728693898134,0.0,0,0,1,0,0,0,0,0,0,0
1024,0.064548663640948,0.0,1,0,0,0,0,0,0,0,0,0
1026,0.0040342914775592,0.0,1,0,0,0,0,0,0,0,0,0
1036,0.032274331820474,0.0020477815699658,0,0,1,0,0,0,0,0,0,0
1038,0.0297528996469994,0.0013651877133105,0,1,0,0,0,0,0,0,0,0
1039,0.0020171457387796,0.0,0,1,0,0,0,0,0,0,0,0
1042,0.1038830055471507,0.0006825938566552,0,1,0,0,0,0,0,0,0,0
1046,0.0474029248613212,0.0177474402730375,0,0,0,0,0,0,0,1,0,0
1047,0.0141200201714573,0.0006825938566552,0,1,0,0,0,0,0,0,0,0
1048,0.0010085728693898,0.0,1,0,0,0,0,0,0,0,0,0
1052,0.0988401412002017,0.0,0,1,0,0,0,0,0,0,0,0
1056,0.0030257186081694,0.0,1,0,0,0,0,0,0,0,0,0
1058,0.0095814422592032,0.0006825938566552,0,0,0,0,0,1,0,0,0,0
1064,0.0065557236510337,0.0,1,0,0,0,0,0,0,0,0,0
1066,0.1870902672718103,0.0034129692832764,0,1,0,0,0,0,0,0,0,0
1069,0.0121028744326777,0.0006825938566552,0,0,0,1,0,0,0,0,0,0
1072,0.0010085728693898,0.0,1,0,0,0,0,0,0,0,0,0
1073,0.0010085728693898,0.0,1,0,0,0,0,0,0,0,0,0
1076,0.0443772062531517,0.0,0,0,1,0,0,0,0,0,0,0
1084,0.02672718103883,0.0,0,1,0,0,0,0,0,0,0,0
1085,0.0005042864346949,0.0,1,0,0,0,0,0,0,0,0,0
1086,0.0186585980837115,0.0,1,0,0,0,0,0,0,0,0,0
1089,0.3151790216843167,0.0006825938566552,1,0,0,0,0,0,0,0,0,0
1099,0.0010085728693898,0.0,1,0,0,0,0,0,0,0,0,0
1103,0.0040342914775592,0.0020477815699658,1,0,0,0,0,0,0,0,0,0
1104,0.0095814422592032,0.0,1,0,0,0,0,0,0,0,0,0
1107,0.0010085728693898,0.0,1,0,0,0,0,0,0,0,0,0
1115,0.0015128593040847,0.0,1,0,0,0,0,0,0,0,0,0
1131,0.0191628845184064,0.0,0,0,0,0,0,1,0,0,0,0
1134,0.0045385779122541,0.0,0,0,0,1,0,0,0,0,0,0
1136,0.059001512859304,0.0006825938566552,0,1,0,0,0,0,0,0,0,0
1140,0.0095814422592032,0.0020477815699658,0,1,0,0,0,0,0,0,0,0
1147,0.0025214321734745,0.0,0,1,0,0,0,0,0,0,0,0
1148,0.037821482602118,0.0006825938566552,0,0,0,0,1,0,0,0,0,0
1149,0.0010085728693898,0.0,1,0,0,0,0,0,0,0,0,0
1150,0.0010085728693898,0.0,1,0,0,0,0,0,0,0,0,0
1155,0.0015128593040847,0.0,1,0,0,0,0,0,0,0,0,0
1157,0.0030257186081694,0.0,0,1,0,0,0,0,0,0,0,0
1158,0.0090771558245083,0.0,1,0,0,0,0,0,0,0,0,0
1159,0.0025214321734745,0.0,0,1,0,0,0,0,0,0,0,0
1161,0.0005042864346949,0.0,0,1,0,0,0,0,0,0,0,0
1162,0.0010085728693898,0.0,0,1,0,0,0,0,0,0,0,0
1166,0.0015128593040847,0.0,1,0,0,0,0,0,0,0,0,0
1170,0.0015128593040847,0.0,1,0,0,0,0,0,0,0,0,0
1172,0.0010085728693898,0.0,1,0,0,0,0,0,0,0,0,0
1174,0.0005042864346949,0.0,0,1,0,0,0,0,0,0,0,0
1176,0.0065557236510337,0.0006825938566552,0,0,1,0,0,0,0,0,0,0
1180,0.0015128593040847,0.0,1,0,0,0,0,0,0,0,0,0
1184,0.0186585980837115,0.0075085324232081,0,0,0,1,0,0,0,0,0,0
1185,0.0448814926878467,0.0034129692832764,0,0,0,0,0,0,0,1,0,0
1187,0.0448814926878467,0.0006825938566552,0,0,1,0,0,0,0,0,0,0
1191,0.0025214321734745,0.0,0,0,1,0,0,0,0,0,0,0
1198,0.0025214321734745,0.0,1,0,0,0,0,0,0,0,0,0
1200,0.0010085728693898,0.0,1,0,0,0,0,0,0,0,0,0
1202,0.199697428139183,0.0,1,0,0,0,0,0,0,0,0,0
1208,0.0005042864346949,0.0,1,0,0,0,0,0,0,0,0,0
1209,0.0030257186081694,0.0,1,0,0,0,0,0,0,0,0,0
1210,0.0025214321734745,0.0,1,0,0,0,0,0,0,0,0,0
1211,0.0040342914775592,0.0,1,0,0,0,0,0,0,0,0,0
1214,0.0090771558245083,0.0,0,0,1,0,0,0,0,0,0,0
1216,0.0020171457387796,0.0,0,1,0,0,0,0,0,0,0,0
1217,0.0090771558245083,0.0,1,0,0,0,0,0,0,0,0,0
1219,0.0231971759959657,0.0,0,0,0,0,0,1,0,0,0,0
1227,0.0045385779122541,0.0,1,0,0,0,0,0,0,0,0,0
1237,0.0010085728693898,0.0,0,1,0,0,0,0,0,0,0,0
1240,0.0075642965204236,0.0,1,0,0,0,0,0,0,0,0,0
1251,0.0317700453857791,0.0,1,0,0,0,0,0,0,0,0,0
1253,0.0085728693898134,0.0,1,0,0,0,0,0,0,0,0,0
1254,0.0146243066061522,0.0,0,0,1,0,0,0,0,0,0,0
1255,0.0015128593040847,0.0,0,1,0,0,0,0,0,0,0,0
1257,0.5017650025214322,0.0,1,0,0,0,0,0,0,0,0,0
1259,0.0221886031265758,0.0,1,0,0,0,0,0,0,0,0,0
1263,0.0337871911245587,0.0,0,1,0,0,0,0,0,0,0,0
1264,0.0060514372163388,0.0,0,1,0,0,0,0,0,0,0,0
1267,0.0262228946041351,0.0,0,1,0,0,0,0,0,0,0,0
1268,0.0126071608673726,0.0,0,0,0,0,0,1,0,0,0,0
1274,0.0126071608673726,0.0,1,0,0,0,0,0,0,0,0,0
1282,0.0005042864346949,0.0,0,1,0,0,0,0,0,0,0,0
1283,0.0252143217347453,0.0,0,0,1,0,0,0,0,0,0,0
1284,0.059001512859304,0.0,0,0,1,0,0,0,0,0,0,0
1286,0.0005042864346949,0.0,1,0,0,0,0,0,0,0,0,0
1287,0.0151285930408472,0.0,1,0,0,0,0,0,0,0,0,0
1291,0.0408472012102874,0.0,1,0,0,0,0,0,0,0,0,0
1303,0.0100857286938981,0.0006825938566552,0,0,0,1,0,0,0,0,0,0
1305,0.0342914775592536,0.0,0,1,0,0,0,0,0,0,0,0
1306,0.005042864346949,0.0,0,1,0,0,0,0,0,0,0,0
1311,0.010590015128593,0.0,1,0,0,0,0,0,0,0,0,0
1312,0.0055471507816439,0.0,1,0,0,0,0,0,0,0,0,0
1314,0.0216843166918809,0.0034129692832764,0,0,0,0,0,1,0,0,0,0
1331,0.0196671709531013,0.0,0,0,1,0,0,0,0,0,0,0
1332,0.0010085728693898,0.0,0,1,0,0,0,0,0,0,0,0
1336,0.0005042864346949,0.0,0,1,0,0,0,0,0,0,0,0
1338,0.0055471507816439,0.0,0,1,0,0,0,0,0,0,0,0
1344,0.0030257186081694,0.0,1,0,0,0,0,0,0,0,0,0
1348,0.0151285930408472,0.0,0,1,0,0,0,0,0,0,0,0
1353,0.0176500252143217,0.0,0,1,0,0,0,0,0,0,0,0
1359,0.0090771558245083,0.004778156996587,0,0,0,0,0,0,0,1,0,0
1360,0.0005042864346949,0.0,0,1,0,0,0,0,0,0,0,0
1364,0.0247100353000504,0.0,0,0,0,0,1,0,0,0,0,0
1369,0.0146243066061522,0.0,0,0,1,0,0,0,0,0,0,0
1371,0.0070600100857286,0.0,1,0,0,0,0,0,0,0,0,0
1372,0.0005042864346949,0.0,1,0,0,0,0,0,0,0,0,0
1374,0.0020171457387796,0.0,1,0,0,0,0,0,0,0,0,0
1376,0.0716086737266767,0.0027303754266211,0,1,0,0,0,0,0,0,0,0
1378,0.005042864346949,0.0013651877133105,0,1,0,0,0,0,0,0,0,0
1383,0.0025214321734745,0.0,1,0,0,0,0,0,0,0,0,0
1388,0.032274331820474,0.0,0,1,0,0,0,0,0,0,0,0
1392,0.0524457892082702,0.0006825938566552,0,1,0,0,0,0,0,0,0,0
1393,0.0060514372163388,0.0,1,0,0,0,0,0,0,0,0,0
1396,0.0005042864346949,0.0,0,1,0,0,0,0,0,0,0,0
1397,0.0131114473020675,0.0006825938566552,0,1,0,0,0,0,0,0,0,0
1404,0.0216843166918809,0.0006825938566552,0,1,0,0,0,0,0,0,0,0
1405,0.0015128593040847,0.0006825938566552,0,1,0,0,0,0,0,0,0,0
1406,0.0010085728693898,0.0,1,0,0,0,0,0,0,0,0,0
1408,0.0005042864346949,0.0,1,0,0,0,0,0,0,0,0,0
1409,0.0045385779122541,0.0,1,0,0,0,0,0,0,0,0,0
1411,0.0272314674735249,0.0,0,0,1,0,0,0,0,0,0,0
1412,0.0025214321734745,0.0,0,1,0,0,0,0,0,0,0,0
1413,0.0010085728693898,0.0,0,1,0,0,0,0,0,0,0,0
1415,0.0010085728693898,0.0,0,1,0,0,0,0,0,0,0,0
1417,0.0025214321734745,0.0,0,1,0,0,0,0,0,0,0,0
1418,0.0010085728693898,0.0,1,0,0,0,0,0,0,0,0,0
1420,0.0015128593040847,0.0006825938566552,1,0,0,0,0,0,0,0,0,0
1425,0.0005042864346949,0.0,1,0,0,0,0,0,0,0,0,0
1432,0.0166414523449319,0.0020477815699658,0,1,0,0,0,0,0,0,0,0
1436,0.0126071608673726,0.0,1,0,0,0,0,0,0,0,0,0
1442,0.0247100353000504,0.0006825938566552,0,1,0,0,0,0,0,0,0,0
1444,0.0005042864346949,0.0,1,0,0,0,0,0,0,0,0,0
1449,0.0090771558245083,0.0020477815699658,0,0,0,0,0,0,0,1,0,0
1456,0.0010085728693898,0.0,1,0,0,0,0,0,0,0,0,0
1458,0.0015128593040847,0.0,0,1,0,0,0,0,0,0,0,0
1461,0.0030257186081694,0.0,0,0,0,1,0,0,0,0,0,0
1467,0.0312657589510842,0.0,1,0,0,0,0,0,0,0,0,0
1471,0.0090771558245083,0.0020477815699658,0,0,0,0,0,1,0,0,0,0
1472,0.0206757438224911,0.0,1,0,0,0,0,0,0,0,0,0
1478,0.1734745335350479,0.0,0,1,0,0,0,0,0,0,0,0
1480,0.0010085728693898,0.0,1,0,0,0,0,0,0,0,0,0
1481,0.0005042864346949,0.0,1,0,0,0,0,0,0,0,0,0
1484,0.0010085728693898,0.0,0,1,0,0,0,0,0,0,0,0
1492,0.0287443267776096,0.0,0,0,0,0,0,1,0,0,0,0
1495,0.0121028744326777,0.0,1,0,0,0,0,0,0,0,0,0
1500,0.0005042864346949,0.0,1,0,0,0,0,0,0,0,0,0
1504,0.0035300050428643,0.0,1,0,0,0,0,0,0,0,0,0
1508,0.0010085728693898,0.0,0,1,0,0,0,0,0,0,0,0
1512,0.0010085728693898,0.0,1,0,0,0,0,0,0,0,0,0
1514,0.0010085728693898,0.0,0,1,0,0,0,0,0,0,0,0
1523,0.0005042864346949,0.0,0,1,0,0,0,0,0,0,0,0
1524,0.0005042864346949,0.0,0,1,0,0,0,0,0,0,0,0
1529,0.0065557236510337,0.0,0,1,0,0,0,0,0,0,0,0
1530,0.0005042864346949,0.0,0,1,0,0,0,0,0,0,0,0
1533,0.0015128593040847,0.0,0,1,0,0,0,0,0,0,0,0
1539,0.0005042864346949,0.0,1,0,0,0,0,0,0,0,0,0
1542,0.0463943519919314,0.0,0,0,1,0,0,0,0,0,0,0
1546,0.0025214321734745,0.0,1,0,0,0,0,0,0,0,0,0
1552,0.0141200201714573,0.0034129692832764,0,0,0,1,0,0,0,0,0,0
1553,0.0015128593040847,0.0,0,1,0,0,0,0,0,0,0,0
1558,0.0110943015632879,0.0,0,1,0,0,0,0,0,0,0,0
1561,0.0035300050428643,0.0013651877133105,0,1,0,0,0,0,0,0,0,0
1562,0.0716086737266767,0.0006825938566552,0,0,0,1,0,0,0,0,0,0
1569,0.0353000504286434,0.0,1,0,0,0,0,0,0,0,0,0
1573,0.0010085728693898,0.0,0,1,0,0,0,0,0,0,0,0
1574,0.005042864346949,0.0,0,1,0,0,0,0,0,0,0,0
1575,0.0584972264246091,0.0,0,1,0,0,0,0,0,0,0,0
1578,0.0005042864346949,0.0,1,0,0,0,0,0,0,0,0,0
1583,0.0015128593040847,0.0,0,1,0,0,0,0,0,0,0,0
1586,0.0100857286938981,0.0,0,0,0,1,0,0,0,0,0,0
1588,0.0030257186081694,0.0,1,0,0,0,0,0,0,0,0,0
1591,0.0110943015632879,0.0,1,0,0,0,0,0,0,0,0,0
1592,0.0010085728693898,0.0,1,0,0,0,0,0,0,0,0,0
1595,0.005042864346949,0.0,0,1,0,0,0,0,0,0,0,0
1598,0.0095814422592032,0.0,1,0,0,0,0,0,0,0,0,0
1602,0.0035300050428643,0.0,0,1,0,0,0,0,0,0,0,0
1603,0.0010085728693898,0.0,1,0,0,0,0,0,0,0,0,0
1605,0.0010085728693898,0.0,0,1,0,0,0,0,0,0,0,0
1606,0.0025214321734745,0.0,1,0,0,0,0,0,0,0,0,0
1607,0.1356530509329299,0.0,0,1,0,0,0,0,0,0,0,0
1612,0.0005042864346949,0.0,1,0,0,0,0,0,0,0,0,0
1613,0.0312657589510842,0.0,1,0,0,0,0,0,0,0,0,0
1617,0.0015128593040847,0.0,1,0,0,0,0,0,0,0,0,0
1618,0.0030257186081694,0.0,1,0,0,0,0,0,0,0,0,0
1625,0.0025214321734745,0.0,1,0,0,0,0,0,0,0,0,0
1630,0.0020171457387796,0.0,0,1,0,0,0,0,0,0,0,0
1640,0.02672718103883,0.0,1,0,0,0,0,0,0,0,0,0
1641,0.0045385779122541,0.0013651877133105,0,0,1,0,0,0,0,0,0,0
1650,0.0388300554715078,0.0,1,0,0,0,0,0,0,0,0,0
1652,0.0418557740796772,0.0,0,1,0,0,0,0,0,0,0,0
1653,0.0005042864346949,0.0,1,0,0,0,0,0,0,0,0,0
1655,0.0494200706001008,0.0,0,1,0,0,0,0,0,0,0,0
1656,0.0453857791225416,0.0,0,0,1,0,0,0,0,0,0,0
1658,0.0005042864346949,0.0,1,0,0,0,0,0,0,0,0,0
1659,0.0020171457387796,0.0,1,0,0,0,0,0,0,0,0,0
1666,0.0247100353000504,0.0,1,0,0,0,0,0,0,0,0,0
1669,0.0005042864346949,0.0,1,0,0,0,0,0,0,0,0,0
1670,0.0090771558245083,0.0006825938566552,0,0,0,0,1,0,0,0,0,0
1673,0.0020171457387796,0.0,1,0,0,0,0,0,0,0,0,0
1678,0.0030257186081694,0.0,1,0,0,0,0,0,0,0,0,0
1679,0.0015128593040847,0.0,0,1,0,0,0,0,0,0,0,0
1682,0.0060514372163388,0.0,0,1,0,0,0,0,0,0,0,0
1684,0.0312657589510842,0.0,1,0,0,0,0,0,0,0,0,0
1687,0.0146243066061522,0.0,0,1,0,0,0,0,0,0,0,0
1693,0.0020171457387796,0.0,1,0,0,0,0,0,0,0,0,0
1694,0.0080685829551185,0.0,1,0,0,0,0,0,0,0,0,0
1696,0.0231971759959657,0.0,0,1,0,0,0,0,0,0,0,0
1705,0.0226928895612708,0.0,1,0,0,0,0,0,0,0,0,0
1707,0.0005042864346949,0.0,0,1,0,0,0,0,0,0,0,0
1712,0.0191628845184064,0.0,1,0,0,0,0,0,0,0,0,0
1714,0.0005042864346949,0.0,1,0,0,0,0,0,0,0,0,0
1715,0.0005042864346949,0.0,1,0,0,0,0,0,0,0,0,0
1716,0.005042864346949,0.0,0,1,0,0,0,0,0,0,0,0
1721,0.0080685829551185,0.0,1,0,0,0,0,0,0,0,0,0
1722,0.0337871911245587,0.0,0,1,0,0,0,0,0,0,0,0
1723,0.0045385779122541,0.0,0,1,0,0,0,0,0,0,0,0
1726,0.0257186081694402,0.030716723549488,0,0,0,0,0,0,0,0,1,0
1729,0.005042864346949,0.0,0,1,0,0,0,0,0,0,0,0
1732,0.0025214321734745,0.0,1,0,0,0,0,0,0,0,0,0
1734,0.0020171457387796,0.0,1,0,0,0,0,0,0,0,0,0
1736,0.0010085728693898,0.0,1,0,0,0,0,0,0,0,0,0
1747,0.0035300050428643,0.0,0,1,0,0,0,0,0,0,0,0
1753,0.005042864346949,0.0,1,0,0,0,0,0,0,0,0,0
1756,0.0010085728693898,0.0,0,1,0,0,0,0,0,0,0,0
1761,0.005042864346949,0.0006825938566552,1,0,0,0,0,0,0,0,0,0
1763,0.0005042864346949,0.0,1,0,0,0,0,0,0,0,0,0
1764,0.0025214321734745,0.0,0,0,1,0,0,0,0,0,0,0
1765,0.0020171457387796,0.0,0,1,0,0,0,0,0,0,0,0
1766,0.0221886031265758,0.0,1,0,0,0,0,0,0,0,0,0
1772,0.042864346949067,0.0,0,0,1,0,0,0,0,0,0,0
1774,0.0005042864346949,0.0,1,0,0,0,0,0,0,0,0,0
1778,0.021180030257186,0.0068259385665529,0,0,0,0,0,0,0,1,0,0
1783,0.0005042864346949,0.0,1,0,0,0,0,0,0,0,0,0
1786,0.0025214321734745,0.0,1,0,0,0,0,0,0,0,0,0
1789,0.0121028744326777,0.0,0,0,1,0,0,0,0,0,0,0
1790,0.0005042864346949,0.0,1,0,0,0,0,0,0,0,0,0
1791,0.0136157337367624,0.0,0,0,0,1,0,0,0,0,0,0
1793,0.0126071608673726,0.0013651877133105,0,1,0,0,0,0,0,0,0,0
1794,0.0010085728693898,0.0006825938566552,1,0,0,0,0,0,0,0,0,0
1804,0.0358043368633383,0.0,0,1,0,0,0,0,0,0,0,0
1805,0.0005042864346949,0.0,0,1,0,0,0,0,0,0,0,0
1812,0.005042864346949,0.0,0,1,0,0,0,0,0,0,0,0
1814,0.0025214321734745,0.0,0,1,0,0,0,0,0,0,0,0
1821,0.0504286434694906,0.0,1,0,0,0,0,0,0,0,0,0
1822,0.0151285930408472,0.0,0,1,0,0,0,0,0,0,0,0
1825,0.0010085728693898,0.0,1,0,0,0,0,0,0,0,0,0
1830,0.0005042864346949,0.0,1,0,0,0,0,0,0,0,0,0
1832,0.0005042864346949,0.0,0,1,0,0,0,0,0,0,0,0
1843,0.0015128593040847,0.0,1,0,0,0,0,0,0,0,0,0
1849,0.0010085728693898,0.0,1,0,0,0,0,0,0,0,0,0
1851,0.0121028744326777,0.0,1,0,0,0,0,0,0,0,0,0
1854,0.0060514372163388,0.0,0,0,1,0,0,0,0,0,0,0
1862,0.0045385779122541,0.0,0,1,0,0,0,0,0,0,0,0
1865,0.0060514372163388,0.0,0,0,0,1,0,0,0,0,0,0
1866,0.0025214321734745,0.0,1,0,0,0,0,0,0,0,0,0
1871,0.0005042864346949,0.0,1,0,0,0,0,0,0,0,0,0
1874,0.0030257186081694,0.0,0,1,0,0,0,0,0,0,0,0
1880,0.0010085728693898,0.0,1,0,0,0,0,0,0,0,0,0
1881,0.0953101361573373,0.0,1,0,0,0,0,0,0,0,0,0
1883,0.0010085728693898,0.0,1,0,0,0,0,0,0,0,0,0
1888,0.0005042864346949,0.0,0,1,0,0,0,0,0,0,0,0
1895,0.0005042864346949,0.0,1,0,0,0,0,0,0,0,0,0
1901,0.0005042864346949,0.0,1,0,0,0,0,0,0,0,0,0
1902,0.0010085728693898,0.0,1,0,0,0,0,0,0,0,0,0
1903,0.0181543116490166,0.0,1,0,0,0,0,0,0,0,0,0
1904,0.02672718103883,0.0,0,1,0,0,0,0,0,0,0,0
1905,0.0110943015632879,0.0,1,0,0,0,0,0,0,0,0,0
1906,0.0216843166918809,0.0,0,1,0,0,0,0,0,0,0,0
1912,0.037317196167423,0.0034129692832764,1,0,0,0,0,0,0,0,0,0
1915,0.0005042864346949,0.0,1,0,0,0,0,0,0,0,0,0
1917,0.0025214321734745,0.0,1,0,0,0,0,0,0,0,0,0
1920,0.0216843166918809,0.0,1,0,0,0,0,0,0,0,0,0
1921,0.0075642965204236,0.0006825938566552,0,0,0,0,0,0,1,0,0,0
1923,0.0005042864346949,0.0,1,0,0,0,0,0,0,0,0,0
1929,0.005042864346949,0.0,0,0,0,0,1,0,0,0,0,0
1936,0.0010085728693898,0.0,1,0,0,0,0,0,0,0,0,0
1937,0.0025214321734745,0.0,0,1,0,0,0,0,0,0,0,0
1940,0.0216843166918809,0.0,1,0,0,0,0,0,0,0,0,0
1944,0.0010085728693898,0.0,1,0,0,0,0,0,0,0,0,0
1945,0.0005042864346949,0.0,1,0,0,0,0,0,0,0,0,0
1948,0.0040342914775592,0.0,1,0,0,0,0,0,0,0,0,0
1952,0.0504286434694906,0.0,0,1,0,0,0,0,0,0,0,0
1956,0.0005042864346949,0.0,1,0,0,0,0,0,0,0,0,0
1968,0.0393343419062027,0.0,1,0,0,0,0,0,0,0,0,0
1970,0.0090771558245083,0.0,0,0,0,1,0,0,0,0,0,0
1977,0.0020171457387796,0.0,0,1,0,0,0,0,0,0,0,0
1979,0.0025214321734745,0.0,1,0,0,0,0,0,0,0,0,0
1981,0.0126071608673726,0.0,1,0,0,0,0,0,0,0,0,0
1984,0.021180030257186,0.0,1,0,0,0,0,0,0,0,0,0
1991,0.0191628845184064,0.0,1,0,0,0,0,0,0,0,0,0
1992,0.048411497730711,0.0,0,1,0,0,0,0,0,0,0,0
1994,0.0075642965204236,0.0,0,1,0,0,0,0,0,0,0,0
1995,0.010590015128593,0.0,1,0,0,0,0,0,0,0,0,0
1999,0.0085728693898134,0.0,1,0,0,0,0,0,0,0,0,0
2001,0.0015128593040847,0.0,0,1,0,0,0,0,0,0,0,0
2010,0.0005042864346949,0.0,1,0,0,0,0,0,0,0,0,0
2011,0.005042864346949,0.0,0,1,0,0,0,0,0,0,0,0
2013,0.0010085728693898,0.0,0,1,0,0,0,0,0,0,0,0
2023,0.0040342914775592,0.0,1,0,0,0,0,0,0,0,0,0
2028,0.005042864346949,0.0,0,1,0,0,0,0,0,0,0,0
2029,0.0005042864346949,0.0,1,0,0,0,0,0,0,0,0,0
2031,0.0151285930408472,0.0,0,0,0,1,0,0,0,0,0,0
2036,0.0005042864346949,0.0,0,1,0,0,0,0,0,0,0,0
2043,0.0005042864346949,0.0,1,0,0,0,0,0,0,0,0,0
2044,0.0010085728693898,0.0,0,1,0,0,0,0,0,0,0,0
2045,0.005042864346949,0.0,1,0,0,0,0,0,0,0,0,0
2046,0.0020171457387796,0.0,0,0,1,0,0,0,0,0,0,0
2049,0.0171457387796268,0.0,1,0,0,0,0,0,0,0,0,0
2057,0.0030257186081694,0.0,1,0,0,0,0,0,0,0,0,0
2060,0.0010085728693898,0.0,1,0,0,0,0,0,0,0,0,0
2061,0.0005042864346949,0.0,0,1,0,0,0,0,0,0,0,0
2062,0.0025214321734745,0.0,1,0,0,0,0,0,0,0,0,0
2073,0.0030257186081694,0.0,0,1,0,0,0,0,0,0,0,0
2086,0.0005042864346949,0.0,1,0,0,0,0,0,0,0,0,0
2089,0.005042864346949,0.0,1,0,0,0,0,0,0,0,0,0
2092,0.0892586989409984,0.0,1,0,0,0,0,0,0,0,0,0
2093,0.0075642965204236,0.0,0,0,1,0,0,0,0,0,0,0
2099,0.0010085728693898,0.0,0,1,0,0,0,0,0,0,0,0
2101,0.005042864346949,0.0,1,0,0,0,0,0,0,0,0,0
2103,0.0070600100857286,0.0,0,1,0,0,0,0,0,0,0,0
2105,0.0020171457387796,0.0,0,1,0,0,0,0,0,0,0,0
2115,0.0282400403429147,0.0,0,1,0,0,0,0,0,0,0,0
2117,0.0005042864346949,0.0,0,1,0,0,0,0,0,0,0,0
2121,0.0095814422592032,0.0,1,0,0,0,0,0,0,0,0,0
2124,0.0005042864346949,0.0,1,0,0,0,0,0,0,0,0,0
2125,0.0015128593040847,0.0,0,1,0,0,0,0,0,0,0,0
2126,0.0010085728693898,0.0,0,1,0,0,0,0,0,0,0,0
2127,0.0030257186081694,0.0,1,0,0,0,0,0,0,0,0,0
2128,0.0342914775592536,0.0006825938566552,0,0,0,0,0,1,0,0,0,0
2129,0.0433686333837619,0.0,1,0,0,0,0,0,0,0,0,0
2130,0.0035300050428643,0.0,0,1,0,0,0,0,0,0,0,0
2131,0.0156328794755421,0.0,0,0,0,1,0,0,0,0,0,0
2132,0.0085728693898134,0.0,0,1,0,0,0,0,0,0,0,0
2134,0.0569843671205244,0.0034129692832764,0,0,0,0,0,0,0,1,0,0
2135,0.0010085728693898,0.0,0,1,0,0,0,0,0,0,0,0
2136,0.1180030257186081,0.0,0,0,1,0,0,0,0,0,0,0
2150,0.005042864346949,0.0,1,0,0,0,0,0,0,0,0,0
2151,0.0242057488653555,0.0,1,0,0,0,0,0,0,0,0,0
2154,0.0600100857286939,0.0,1,0,0,0,0,0,0,0,0,0
2156,0.0005042864346949,0.0,1,0,0,0,0,0,0,0,0,0
2157,0.0020171457387796,0.0,0,0,1,0,0,0,0,0,0,0
2159,0.0005042864346949,0.0,0,1,0,0,0,0,0,0,0,0
2166,0.0065557236510337,0.0,1,0,0,0,0,0,0,0,0,0
2172,0.0171457387796268,0.0,1,0,0,0,0,0,0,0,0,0
2173,0.0010085728693898,0.0,0,1,0,0,0,0,0,0,0,0
2180,0.0010085728693898,0.0,0,1,0,0,0,0,0,0,0,0
2183,0.0020171457387796,0.0,1,0,0,0,0,0,0,0,0,0
2189,0.0010085728693898,0.0,1,0,0,0,0,0,0,0,0,0
2193,0.0005042864346949,0.0,1,0,0,0,0,0,0,0,0,0
2194,0.0156328794755421,0.0,0,0,1,0,0,0,0,0,0,0
2200,0.0030257186081694,0.0,0,1,0,0,0,0,0,0,0,0
2203,0.0010085728693898,0.0,1,0,0,0,0,0,0,0,0,0
2204,0.0005042864346949,0.0,1,0,0,0,0,0,0,0,0,0
2209,0.0040342914775592,0.0,1,0,0,0,0,0,0,0,0,0
2211,0.0005042864346949,0.0,1,0,0,0,0,0,0,0,0,0
2213,0.005042864346949,0.0,0,1,0,0,0,0,0,0,0,0
2223,0.0005042864346949,0.0,1,0,0,0,0,0,0,0,0,0
2226,0.0035300050428643,0.0,0,1,0,0,0,0,0,0,0,0
2230,0.0186585980837115,0.0027303754266211,0,0,0,0,0,0,0,1,0,0
2236,0.0005042864346949,0.0,0,1,0,0,0,0,0,0,0,0
2238,0.0010085728693898,0.0,1,0,0,0,0,0,0,0,0,0
2242,0.0055471507816439,0.0,0,0,0,1,0,0,0,0,0,0
2246,0.0100857286938981,0.0,0,0,1,0,0,0,0,0,0,0
2253,0.0005042864346949,0.0,1,0,0,0,0,0,0,0,0,0
2256,0.0005042864346949,0.0,1,0,0,0,0,0,0,0,0,0
2257,0.0075642965204236,0.0,1,0,0,0,0,0,0,0,0,0
2269,0.0045385779122541,0.0,1,0,0,0,0,0,0,0,0,0
2272,0.0020171457387796,0.0,1,0,0,0,0,0,0,0,0,0
2275,0.0519415027735753,0.0,1,0,0,0,0,0,0,0,0,0
2276,0.0005042864346949,0.0,0,1,0,0,0,0,0,0,0,0
2280,0.0005042864346949,0.0,1,0,0,0,0,0,0,0,0,0
2281,0.0025214321734745,0.0,1,0,0,0,0,0,0,0,0,0
2284,0.0005042864346949,0.0,1,0,0,0,0,0,0,0,0,0
2285,0.0045385779122541,0.0,1,0,0,0,0,0,0,0,0,0
2295,0.0005042864346949,0.0,0,1,0,0,0,0,0,0,0,0
2306,0.124054462934947,0.0,1,0,0,0,0,0,0,0,0,0
2312,0.0030257186081694,0.0,1,0,0,0,0,0,0,0,0,0
2314,0.0015128593040847,0.0,1,0,0,0,0,0,0,0,0,0
2315,0.0010085728693898,0.0,0,1,0,0,0,0,0,0,0,0
2316,0.0065557236510337,0.0,0,1,0,0,0,0,0,0,0,0
2320,0.0010085728693898,0.0,0,1,0,0,0,0,0,0,0,0
2327,0.0005042864346949,0.0,0,1,0,0,0,0,0,0,0,0
2337,0.0005042864346949,0.0,0,1,0,0,0,0,0,0,0,0
2338,0.0005042864346949,0.0,1,0,0,0,0,0,0,0,0,0
2339,0.0030257186081694,0.0,0,1,0,0,0,0,0,0,0,0
2343,0.0055471507816439,0.0,1,0,0,0,0,0,0,0,0,0
2344,0.0075642965204236,0.0,0,1,0,0,0,0,0,0,0,0
2348,0.0020171457387796,0.0,1,0,0,0,0,0,0,0,0,0
2365,0.0922844175491679,0.0116040955631399,0,0,0,0,0,0,1,0,0,0
2367,0.0070600100857286,0.0,1,0,0,0,0,0,0,0,0,0
2379,0.0010085728693898,0.0,1,0,0,0,0,0,0,0,0,0
2384,0.0020171457387796,0.0,0,1,0,0,0,0,0,0,0,0
2392,0.0010085728693898,0.0,1,0,0,0,0,0,0,0,0,0
2399,0.0418557740796772,0.0,0,1,0,0,0,0,0,0,0,0
2403,0.0030257186081694,0.0,1,0,0,0,0,0,0,0,0,0
2405,0.0005042864346949,0.0,1,0,0,0,0,0,0,0,0,0
2406,0.0005042864346949,0.0,0,1,0,0,0,0,0,0,0,0
2407,0.0010085728693898,0.0,1,0,0,0,0,0,0,0,0,0
2413,0.0010085728693898,0.0,1,0,0,0,0,0,0,0,0,0
2420,0.0005042864346949,0.0,1,0,0,0,0,0,0,0,0,0
2426,0.0216843166918809,0.0,1,0,0,0,0,0,0,0,0,0
2429,0.0045385779122541,0.0,0,1,0,0,0,0,0,0,0,0
2430,0.0035300050428643,0.0,0,1,0,0,0,0,0,0,0,0
2437,0.0015128593040847,0.0,1,0,0,0,0,0,0,0,0,0
2439,0.0015128593040847,0.0,0,1,0,0,0,0,0,0,0,0
2453,0.0010085728693898,0.0,1,0,0,0,0,0,0,0,0,0
2457,0.0035300050428643,0.0,1,0,0,0,0,0,0,0,0,0
2467,0.0015128593040847,0.0,1,0,0,0,0,0,0,0,0,0
2468,0.0842158345940494,0.0,0,0,1,0,0,0,0,0,0,0
2475,0.0005042864346949,0.0,0,1,0,0,0,0,0,0,0,0
2477,0.0030257186081694,0.0,1,0,0,0,0,0,0,0,0,0
2479,0.0010085728693898,0.0,0,1,0,0,0,0,0,0,0,0
2480,0.0045385779122541,0.0,0,1,0,0,0,0,0,0,0,0
2482,0.0015128593040847,0.0,1,0,0,0,0,0,0,0,0,0
2492,0.0005042864346949,0.0,0,1,0,0,0,0,0,0,0,0
2494,0.0005042864346949,0.0,1,0,0,0,0,0,0,0,0,0
2495,0.0100857286938981,0.0020477815699658,0,0,0,0,0,1,0,0,0,0
2498,0.0005042864346949,0.0,0,1,0,0,0,0,0,0,0,0
2509,0.0010085728693898,0.0,1,0,0,0,0,0,0,0,0,0
2510,0.0030257186081694,0.0,0,1,0,0,0,0,0,0,0,0
2512,0.0025214321734745,0.0,0,1,0,0,0,0,0,0,0,0
2522,0.0070600100857286,0.0020477815699658,1,0,0,0,0,0,0,0,0,0
2529,0.0005042864346949,0.0,0,1,0,0,0,0,0,0,0,0
2530,0.0005042864346949,0.0,1,0,0,0,0,0,0,0,0,0
2533,0.0005042864346949,0.0,1,0,0,0,0,0,0,0,0,0
2534,0.1255673222390317,0.0,0,1,0,0,0,0,0,0,0,0
2539,0.0005042864346949,0.0,1,0,0,0,0,0,0,0,0,0
2542,0.0005042864346949,0.0,1,0,0,0,0,0,0,0,0,0
2544,0.005042864346949,0.0,1,0,0,0,0,0,0,0,0,0
2546,0.0010085728693898,0.0,1,0,0,0,0,0,0,0,0,0
2555,0.0045385779122541,0.0,1,0,0,0,0,0,0,0,0,0
2556,0.0005042864346949,0.0,0,1,0,0,0,0,0,0,0,0
2558,0.0529500756429652,0.0,0,1,0,0,0,0,0,0,0,0
2563,0.0005042864346949,0.0,0,1,0,0,0,0,0,0,0,0
2567,0.0025214321734745,0.0,1,0,0,0,0,0,0,0,0,0
2570,0.0020171457387796,0.0,1,0,0,0,0,0,0,0,0,0
2571,0.0110943015632879,0.0,1,0,0,0,0,0,0,0,0,0
2574,0.0005042864346949,0.0,1,0,0,0,0,0,0,0,0,0
2576,0.0126071608673726,0.0,1,0,0,0,0,0,0,0,0,0
2580,0.0040342914775592,0.0,0,0,1,0,0,0,0,0,0,0
2581,0.0010085728693898,0.0,1,0,0,0,0,0,0,0,0,0
2583,0.0005042864346949,0.0,0,1,0,0,0,0,0,0,0,0
2586,0.0005042864346949,0.0,0,1,0,0,0,0,0,0,0,0
2588,0.005042864346949,0.0,0,1,0,0,0,0,0,0,0,0
2591,0.0146243066061522,0.0,0,0,0,1,0,0,0,0,0,0
2593,0.0025214321734745,0.0,1,0,0,0,0,0,0,0,0,0
2594,0.0015128593040847,0.0,0,0,1,0,0,0,0,0,0,0
2597,0.0005042864346949,0.0,1,0,0,0,0,0,0,0,0,0
2602,0.0035300050428643,0.0,1,0,0,0,0,0,0,0,0,0
2603,0.0015128593040847,0.0,0,1,0,0,0,0,0,0,0,0
2604,0.0005042864346949,0.0,0,1,0,0,0,0,0,0,0,0
2608,0.0287443267776096,0.0,0,1,0,0,0,0,0,0,0,0
2612,0.0005042864346949,0.0,1,0,0,0,0,0,0,0,0,0
2614,0.0025214321734745,0.0,1,0,0,0,0,0,0,0,0,0
2618,0.0095814422592032,0.0,1,0,0,0,0,0,0,0,0,0
2630,0.0010085728693898,0.0,1,0,0,0,0,0,0,0,0,0
2632,0.0005042864346949,0.0,1,0,0,0,0,0,0,0,0,0
2635,0.0060514372163388,0.0,0,1,0,0,0,0,0,0,0,0
2641,0.0045385779122541,0.0,1,0,0,0,0,0,0,0,0,0
2643,0.0025214321734745,0.0,1,0,0,0,0,0,0,0,0,0
2649,0.0010085728693898,0.0006825938566552,1,0,0,0,0,0,0,0,0,0
2655,0.0015128593040847,0.0,1,0,0,0,0,0,0,0,0,0
2659,0.0040342914775592,0.0,0,0,0,0,1,0,0,0,0,0
2661,0.0005042864346949,0.0,0,1,0,0,0,0,0,0,0,0
2663,0.0010085728693898,0.0,1,0,0,0,0,0,0,0,0,0
2667,0.0005042864346949,0.0,0,1,0,0,0,0,0,0,0,0
2669,0.0005042864346949,0.0,1,0,0,0,0,0,0,0,0,0
2671,0.0272314674735249,0.0020477815699658,0,1,0,0,0,0,0,0,0,0
2681,0.0080685829551185,0.0,1,0,0,0,0,0,0,0,0,0
2682,0.0030257186081694,0.0,0,1,0,0,0,0,0,0,0,0
2694,0.0005042864346949,0.0,1,0,0,0,0,0,0,0,0,0
2698,0.0005042864346949,0.0,1,0,0,0,0,0,0,0,0,0
2700,0.0010085728693898,0.0,1,0,0,0,0,0,0,0,0,0
2701,0.0010085728693898,0.0,0,1,0,0,0,0,0,0,0,0
2708,0.0237014624306606,0.0034129692832764,0,0,0,0,0,0,1,0,0,0
2710,0.0035300050428643,0.0,1,0,0,0,0,0,0,0,0,0
2712,0.0423600605143721,0.0,1,0,0,0,0,0,0,0,0,0
2718,0.0010085728693898,0.0,1,0,0,0,0,0,0,0,0,0
2719,0.0307614725163893,0.0,0,0,1,0,0,0,0,0,0,0
2721,0.0015128593040847,0.0,1,0,0,0,0,0,0,0,0,0
2735,0.0015128593040847,0.0,1,0,0,0,0,0,0,0,0,0
2736,0.0015128593040847,0.0,0,1,0,0,0,0,0,0,0,0
2740,0.0010085728693898,0.0,1,0,0,0,0,0,0,0,0,0
2741,0.0504286434694906,0.0,1,0,0,0,0,0,0,0,0,0
2747,0.0005042864346949,0.0,0,1,0,0,0,0,0,0,0,0
2750,0.0015128593040847,0.0,1,0,0,0,0,0,0,0,0,0
2751,0.0443772062531517,0.0,0,1,0,0,0,0,0,0,0,0
2756,0.0035300050428643,0.0,1,0,0,0,0,0,0,0,0,0
2758,0.0005042864346949,0.0,1,0,0,0,0,0,0,0,0,0
2759,0.0010085728693898,0.0,1,0,0,0,0,0,0,0,0,0
2763,0.0010085728693898,0.0,1,0,0,0,0,0,0,0,0,0
2765,0.0005042864346949,0.0,1,0,0,0,0,0,0,0,0,0
2775,0.0040342914775592,0.0,1,0,0,0,0,0,0,0,0,0
2779,0.0005042864346949,0.0,0,1,0,0,0,0,0,0,0,0
2781,0.0100857286938981,0.0,0,1,0,0,0,0,0,0,0,0
2786,0.0010085728693898,0.0,0,0,1,0,0,0,0,0,0,0
2792,0.0010085728693898,0.0,1,0,0,0,0,0,0,0,0,0
2797,0.010590015128593,0.0013651877133105,0,1,0,0,0,0,0,0,0,0
2803,0.0151285930408472,0.0,1,0,0,0,0,0,0,0,0,0
2809,0.0005042864346949,0.0,1,0,0,0,0,0,0,0,0,0
2811,0.0020171457387796,0.0,1,0,0,0,0,0,0,0,0,0
2812,0.0489157841654059,0.0,0,1,0,0,0,0,0,0,0,0
2817,0.0020171457387796,0.0,1,0,0,0,0,0,0,0,0,0
2819,0.0015128593040847,0.0,0,0,1,0,0,0,0,0,0,0
2821,0.0690872415532022,0.0,0,1,0,0,0,0,0,0,0,0
2822,0.0005042864346949,0.0,1,0,0,0,0,0,0,0,0,0
2823,0.0005042864346949,0.0,0,1,0,0,0,0,0,0,0,0
2831,0.0005042864346949,0.0,1,0,0,0,0,0,0,0,0,0
2839,0.010590015128593,0.0,0,1,0,0,0,0,0,0,0,0
2840,0.0146243066061522,0.0,1,0,0,0,0,0,0,0,0,0
2846,0.1346444780635401,0.0,1,0,0,0,0,0,0,0,0,0
2848,0.0085728693898134,0.0006825938566552,0,1,0,0,0,0,0,0,0,0
2854,0.0055471507816439,0.0,1,0,0,0,0,0,0,0,0,0
2856,0.0005042864346949,0.0,1,0,0,0,0,0,0,0,0,0
2857,0.0015128593040847,0.0,0,1,0,0,0,0,0,0,0,0
2858,0.0005042864346949,0.0,1,0,0,0,0,0,0,0,0,0
2860,0.0005042864346949,0.0,1,0,0,0,0,0,0,0,0,0
2861,0.0010085728693898,0.0,1,0,0,0,0,0,0,0,0,0
2862,0.0005042864346949,0.0,0,1,0,0,0,0,0,0,0,0
2864,0.0257186081694402,0.0,0,0,0,0,0,1,0,0,0,0
2873,0.0010085728693898,0.0,0,1,0,0,0,0,0,0,0,0
2878,0.091780131114473,0.0006825938566552,0,0,1,0,0,0,0,0,0,0
2894,0.0055471507816439,0.0,0,0,1,0,0,0,0,0,0,0
2897,0.0010085728693898,0.0,1,0,0,0,0,0,0,0,0,0
2899,0.0020171457387796,0.0006825938566552,0,0,1,0,0,0,0,0,0,0
2920,0.0005042864346949,0.0,0,1,0,0,0,0,0,0,0,0
2921,0.0716086737266767,0.0,0,1,0,0,0,0,0,0,0,0
2923,0.0191628845184064,0.0013651877133105,0,0,1,0,0,0,0,0,0,0
2930,0.0892586989409984,0.0,0,1,0,0,0,0,0,0,0,0
2933,0.0100857286938981,0.0,0,1,0,0,0,0,0,0,0,0
2939,0.0519415027735753,0.0,1,0,0,0,0,0,0,0,0,0
2941,0.0010085728693898,0.0,0,1,0,0,0,0,0,0,0,0
2942,0.0005042864346949,0.0,0,1,0,0,0,0,0,0,0,0
2945,0.0010085728693898,0.0,0,1,0,0,0,0,0,0,0,0
2950,0.0005042864346949,0.0,1,0,0,0,0,0,0,0,0,0
2951,0.0015128593040847,0.0,1,0,0,0,0,0,0,0,0,0
2952,0.0005042864346949,0.0,1,0,0,0,0,0,0,0,0,0
2956,0.0025214321734745,0.0,1,0,0,0,0,0,0,0,0,0
2958,0.0030257186081694,0.0,0,1,0,0,0,0,0,0,0,0
2959,0.0070600100857286,0.0,0,0,1,0,0,0,0,0,0,0
2964,0.0065557236510337,0.0,1,0,0,0,0,0,0,0,0,0
2970,0.0005042864346949,0.0,1,0,0,0,0,0,0,0,0,0
2973,0.0090771558245083,0.0,0,1,0,0,0,0,0,0,0,0
2980,0.0005042864346949,0.0,1,0,0,0,0,0,0,0,0,0
2990,0.0010085728693898,0.0,0,1,0,0,0,0,0,0,0,0
3011,0.0252143217347453,0.0006825938566552,1,0,0,0,0,0,0,0,0,0
3018,0.0025214321734745,0.0,1,0,0,0,0,0,0,0,0,0
3020,0.0005042864346949,0.0,0,1,0,0,0,0,0,0,0,0
3022,0.0005042864346949,0.0,0,1,0,0,0,0,0,0,0,0
3023,0.0005042864346949,0.0,1,0,0,0,0,0,0,0,0,0
3024,0.0005042864346949,0.0,1,0,0,0,0,0,0,0,0,0
3041,0.0005042864346949,0.0,0,1,0,0,0,0,0,0,0,0
3044,0.0010085728693898,0.0,1,0,0,0,0,0,0,0,0,0
3047,0.0005042864346949,0.0,1,0,0,0,0,0,0,0,0,0
3049,0.0095814422592032,0.0013651877133105,1,0,0,0,0,0,0,0,0,0
3055,0.0020171457387796,0.0,0,1,0,0,0,0,0,0,0,0
3057,0.0010085728693898,0.0,1,0,0,0,0,0,0,0,0,0
3060,0.059001512859304,0.0,1,0,0,0,0,0,0,0,0,0
3062,0.0015128593040847,0.0,1,0,0,0,0,0,0,0,0,0
3080,0.096822995461422,0.0,0,1,0,0,0,0,0,0,0,0
3081,0.0085728693898134,0.0,1,0,0,0,0,0,0,0,0,0
3083,0.0020171457387796,0.0,1,0,0,0,0,0,0,0,0,0
3087,0.0010085728693898,0.0,1,0,0,0,0,0,0,0,0,0
3090,0.0005042864346949,0.0,1,0,0,0,0,0,0,0,0,0
3096,0.0015128593040847,0.0,1,0,0,0,0,0,0,0,0,0
3099,0.0045385779122541,0.0,1,0,0,0,0,0,0,0,0,0
3100,0.0015128593040847,0.0,0,1,0,0,0,0,0,0,0,0
3101,0.0020171457387796,0.0,1,0,0,0,0,0,0,0,0,0
3105,0.005042864346949,0.0,0,1,0,0,0,0,0,0,0,0
3107,0.0005042864346949,0.0,1,0,0,0,0,0,0,0,0,0
3112,0.0045385779122541,0.0,0,1,0,0,0,0,0,0,0,0
3114,0.0166414523449319,0.0013651877133105,0,1,0,0,0,0,0,0,0,0
3115,0.0005042864346949,0.0,1,0,0,0,0,0,0,0,0,0
3121,0.0020171457387796,0.0,1,0,0,0,0,0,0,0,0,0
3126,0.0005042864346949,0.0,1,0,0,0,0,0,0,0,0,0
3130,0.0030257186081694,0.0,0,1,0,0,0,0,0,0,0,0
3131,0.0005042864346949,0.0,0,1,0,0,0,0,0,0,0,0
3142,0.005042864346949,0.0,0,1,0,0,0,0,0,0,0,0
3144,0.0025214321734745,0.0,0,1,0,0,0,0,0,0,0,0
3150,0.0005042864346949,0.0,1,0,0,0,0,0,0,0,0,0
3155,0.0005042864346949,0.0,1,0,0,0,0,0,0,0,0,0
3157,0.0005042864346949,0.0,0,1,0,0,0,0,0,0,0,0
3166,0.0005042864346949,0.0,1,0,0,0,0,0,0,0,0,0
3177,0.0025214321734745,0.0,0,1,0,0,0,0,0,0,0,0
3190,0.0015128593040847,0.0,0,1,0,0,0,0,0,0,0,0
3198,0.0020171457387796,0.0,0,1,0,0,0,0,0,0,0,0
3202,0.0005042864346949,0.0,0,1,0,0,0,0,0,0,0,0
3208,0.0191628845184064,0.0,1,0,0,0,0,0,0,0,0,0
3211,0.0030257186081694,0.0,1,0,0,0,0,0,0,0,0,0
3212,0.02672718103883,0.0,0,1,0,0,0,0,0,0,0,0
3218,0.0045385779122541,0.0,1,0,0,0,0,0,0,0,0,0
3219,0.0010085728693898,0.0,1,0,0,0,0,0,0,0,0,0
3223,0.0010085728693898,0.0,1,0,0,0,0,0,0,0,0,0
3226,0.0010085728693898,0.0,1,0,0,0,0,0,0,0,0,0
3228,0.0005042864346949,0.0,0,1,0,0,0,0,0,0,0,0
3232,0.0025214321734745,0.0,1,0,0,0,0,0,0,0,0,0
3233,0.0010085728693898,0.0,1,0,0,0,0,0,0,0,0,0
3236,0.005042864346949,0.0,1,0,0,0,0,0,0,0,0,0
3243,0.0010085728693898,0.0,1,0,0,0,0,0,0,0,0,0
3244,0.0085728693898134,0.0,0,0,1,0,0,0,0,0,0,0
3245,0.0005042864346949,0.0,0,1,0,0,0,0,0,0,0,0
3246,0.0005042864346949,0.0,1,0,0,0,0,0,0,0,0,0
3248,0.0005042864346949,0.0,1,0,0,0,0,0,0,0,0,0
3254,0.0095814422592032,0.0,0,1,0,0,0,0,0,0,0,0
3255,0.0010085728693898,0.0,1,0,0,0,0,0,0,0,0,0
3257,0.0010085728693898,0.0,1,0,0,0,0,0,0,0,0,0
3260,0.0005042864346949,0.0,1,0,0,0,0,0,0,0,0,0
3266,0.0025214321734745,0.0,0,1,0,0,0,0,0,0,0,0
3267,0.0005042864346949,0.0,1,0,0,0,0,0,0,0,0,0
3268,0.0015128593040847,0.0,0,1,0,0,0,0,0,0,0,0
3275,0.1043872919818457,0.0,0,1,0,0,0,0,0,0,0,0
3280,0.0005042864346949,0.0,0,1,0,0,0,0,0,0,0,0
3285,0.0020171457387796,0.0,0,1,0,0,0,0,0,0,0,0
3287,0.0005042864346949,0.0,1,0,0,0,0,0,0,0,0,0
3292,0.0070600100857286,0.0,0,1,0,0,0,0,0,0,0,0
3296,0.0005042864346949,0.0,1,0,0,0,0,0,0,0,0,0
3297,0.0065557236510337,0.0,1,0,0,0,0,0,0,0,0,0
3298,0.0005042864346949,0.0,1,0,0,0,0,0,0,0,0,0
3301,0.0015128593040847,0.0,0,1,0,0,0,0,0,0,0,0
3303,0.0005042864346949,0.0,1,0,0,0,0,0,0,0,0,0
3307,0.0005042864346949,0.0,0,1,0,0,0,0,0,0,0,0
3308,0.0015128593040847,0.0,1,0,0,0,0,0,0,0,0,0
3309,0.0015128593040847,0.0,0,1,0,0,0,0,0,0,0,0
3321,0.0005042864346949,0.0,0,1,0,0,0,0,0,0,0,0
3323,0.0070600100857286,0.0013651877133105,0,1,0,0,0,0,0,0,0,0
3327,0.0010085728693898,0.0,1,0,0,0,0,0,0,0,0,0
3328,0.0025214321734745,0.0,1,0,0,0,0,0,0,0,0,0
3335,0.0005042864346949,0.0,1,0,0,0,0,0,0,0,0,0
3350,0.0005042864346949,0.0,1,0,0,0,0,0,0,0,0,0
3351,0.0943015632879475,0.0,0,0,1,0,0,0,0,0,0,0
3353,0.0005042864346949,0.0,1,0,0,0,0,0,0,0,0,0
3358,0.0030257186081694,0.0,1,0,0,0,0,0,0,0,0,0
3361,0.0005042864346949,0.0,1,0,0,0,0,0,0,0,0,0
3364,0.0030257186081694,0.0,0,1,0,0,0,0,0,0,0,0
3378,0.0010085728693898,0.0,1,0,0,0,0,0,0,0,0,0
3384,0.0010085728693898,0.0,0,1,0,0,0,0,0,0,0,0
3386,0.0020171457387796,0.0,0,1,0,0,0,0,0,0,0,0
3397,0.0005042864346949,0.0,0,1,0,0,0,0,0,0,0,0
3399,0.0005042864346949,0.0,0,1,0,0,0,0,0,0,0,0
3400,0.005042864346949,0.0,0,1,0,0,0,0,0,0,0,0
3404,0.0771558245083207,0.0,0,0,1,0,0,0,0,0,0,0
3415,0.0005042864346949,0.0,0,1,0,0,0,0,0,0,0,0
3419,0.0010085728693898,0.0,1,0,0,0,0,0,0,0,0,0
3423,0.0015128593040847,0.0,1,0,0,0,0,0,0,0,0,0
3424,0.0005042864346949,0.0,0,1,0,0,0,0,0,0,0,0
3426,0.0433686333837619,0.0,1,0,0,0,0,0,0,0,0,0
3430,0.0005042864346949,0.0,1,0,0,0,0,0,0,0,0,0
3436,0.0509329299041855,0.0,0,1,0,0,0,0,0,0,0,0
3442,0.1432173474533535,0.0,1,0,0,0,0,0,0,0,0,0
3445,0.0060514372163388,0.0,0,1,0,0,0,0,0,0,0,0
3447,0.0005042864346949,0.0,1,0,0,0,0,0,0,0,0,0
3448,0.0015128593040847,0.0,0,1,0,0,0,0,0,0,0,0
3450,0.0327786182551689,0.0,0,0,1,0,0,0,0,0,0,0
3453,0.0115985879979828,0.0,1,0,0,0,0,0,0,0,0,0
3463,0.005042864346949,0.0,1,0,0,0,0,0,0,0,0,0
3467,0.0100857286938981,0.0,1,0,0,0,0,0,0,0,0,0
3469,0.005042864346949,0.0,1,0,0,0,0,0,0,0,0,0
3471,0.0015128593040847,0.0,1,0,0,0,0,0,0,0,0,0
3476,0.0035300050428643,0.0,1,0,0,0,0,0,0,0,0,0
3479,0.0015128593040847,0.0,1,0,0,0,0,0,0,0,0,0
3484,0.0085728693898134,0.0,0,1,0,0,0,0,0,0,0,0
3485,0.0600100857286939,0.0,0,1,0,0,0,0,0,0,0,0
3487,0.0040342914775592,0.0,0,1,0,0,0,0,0,0,0,0
3491,0.1492687846696923,0.0,1,0,0,0,0,0,0,0,0,0
3495,0.0095814422592032,0.0006825938566552,0,0,0,1,0,0,0,0,0,0
3501,0.0025214321734745,0.0,0,1,0,0,0,0,0,0,0,0
3509,0.0025214321734745,0.0,1,0,0,0,0,0,0,0,0,0
3513,0.0035300050428643,0.0,1,0,0,0,0,0,0,0,0,0
3514,0.0060514372163388,0.0,0,1,0,0,0,0,0,0,0,0
3517,0.0030257186081694,0.0,0,1,0,0,0,0,0,0,0,0
3518,0.0045385779122541,0.0,0,0,1,0,0,0,0,0,0,0
3520,0.0010085728693898,0.0,1,0,0,0,0,0,0,0,0,0
3522,0.0020171457387796,0.0,1,0,0,0,0,0,0,0,0,0
3523,0.0060514372163388,0.0,0,1,0,0,0,0,0,0,0,0
3529,0.0010085728693898,0.0,1,0,0,0,0,0,0,0,0,0
3531,0.0020171457387796,0.0,0,1,0,0,0,0,0,0,0,0
3532,0.0418557740796772,0.0,0,0,1,0,0,0,0,0,0,0
3534,0.0025214321734745,0.0,1,0,0,0,0,0,0,0,0,0
3536,0.0010085728693898,0.0,0,1,0,0,0,0,0,0,0,0
3538,0.0035300050428643,0.0,1,0,0,0,0,0,0,0,0,0
3541,0.0015128593040847,0.0,0,0,1,0,0,0,0,0,0,0
3542,0.0010085728693898,0.0,1,0,0,0,0,0,0,0,0,0
3545,0.0005042864346949,0.0,0,1,0,0,0,0,0,0,0,0
3551,0.0151285930408472,0.0,1,0,0,0,0,0,0,0,0,0
3567,0.021180030257186,0.0,0,0,1,0,0,0,0,0,0,0
3573,0.0020171457387796,0.0,1,0,0,0,0,0,0,0,0,0
3576,0.0005042864346949,0.0,1,0,0,0,0,0,0,0,0,0
3595,0.0025214321734745,0.0,0,1,0,0,0,0,0,0,0,0
3614,0.0015128593040847,0.0,0,1,0,0,0,0,0,0,0,0
3615,0.0005042864346949,0.0,1,0,0,0,0,0,0,0,0,0
3623,0.0010085728693898,0.0,1,0,0,0,0,0,0,0,0,0
